Co,Si,Pt,O,Ni,Gd
911,0,0,8737,287,562
916,0,0,8787,294,562
917,0,0,8797,302,559
915,0,0,8804,294,558
920,0,0,8830,296,569
811,0,0,8989,264,550
713,0,0,9153,219,534
605,0,0,9336,186,515
494,0,0,9544,154,518
393,0,0,9727,118,500
289,0,0,9906,88,480
189,0,0,10088,54,472
88,0,0,10281,23,476
0,0,0,10523,12,472
45,0,0,10441,134,455
115,0,0,10399,273,455
192,0,0,10342,417,457
259,0,0,10310,556,452
339,0,0,10249,710,455
417,0,0,10212,849,452
491,0,0,10159,996,449
564,0,0,10108,1139,458
645,0,0,10082,1282,465
570,0,0,10083,1149,453
498,0,0,10090,1006,429
422,0,0,10108,864,411
348,0,0,10107,736,403
270,0,0,10115,588,386
201,0,0,10116,453,377
135,0,0,10131,318,362
63,0,0,10141,187,354
18,0,0,10142,55,354
115,0,0,9944,88,368
222,0,0,9754,132,390
331,0,0,9553,178,423
440,0,0,9352,227,464
550,0,0,9155,280,495
672,0,0,8931,331,538
780,0,0,8733,381,566
891,0,0,8539,445,599
1003,0,0,8355,502,643
907,0,0,8308,506,621
787,0,0,8297,510,608
674,0,0,8293,520,595
563,0,0,8289,541,589
445,0,0,8281,548,589
322,0,0,8271,567,581
213,0,0,8263,575,585
106,0,0,8254,594,581
0,0,0,8244,622,581
0,0,0,8251,645,578
0,0,0,8272,686,564
0,0,0,8282,732,544
0,0,0,8300,777,548
0,0,0,8301,823,543
0,0,0,8324,875,539
0,0,0,8348,927,531
0,0,0,8352,966,533
0,0,0,8381,1025,544
41,0,0,8431,929,535
106,0,0,8497,839,511
171,0,0,8568,726,509
227,0,0,8621,629,526
288,0,0,8682,538,499
350,0,0,8746,437,493
414,0,0,8826,344,480
477,0,0,8876,249,482
535,0,0,8973,178,484
483,0,0,8951,190,481
424,0,0,8943,212,488
360,0,0,8918,234,460
298,0,0,8924,258,461
238,0,0,8895,281,481
182,0,0,8891,305,482
117,0,0,8873,327,471
52,0,0,8861,354,467
0,0,0,8854,384,479
0,0,0,8752,355,470
0,0,0,8647,331,485
0,0,0,8523,308,493
0,0,0,8429,278,495
0,0,0,8322,261,492
0,0,0,8200,234,494
0,0,0,8103,212,497
0,0,0,7993,184,499
0,0,0,7894,174,505
24,0,0,7715,168,532
68,0,0,7542,170,543
120,0,0,7383,171,557
172,0,0,7205,175,583
222,0,0,7033,179,599
272,0,0,6873,180,610
324,0,0,6709,184,633
368,0,0,6562,192,653
416,0,0,6407,202,682
510,0,0,6363,197,684
638,0,0,6330,215,689
757,0,0,6294,228,701
886,0,0,6274,249,712
1007,0,0,6237,264,738
1128,0,0,6209,286,738
1248,0,0,6193,306,757
1373,0,0,6155,323,776
1530,0,0,6150,355,776
1383,0,0,5739,326,789
1212,0,0,5308,302,789
1036,0,0,4869,280,785
862,0,0,4440,257,788
684,0,0,3979,235,810
508,0,0,3548,214,802
340,0,0,3111,192,794
170,0,0,2694,169,807
10,0,0,2303,172,828
0,0,0,2359,217,822
0,0,0,2491,301,819
0,0,0,2625,389,832
0,0,0,2740,480,818
0,0,0,2883,576,821
0,0,0,3037,663,836
0,0,0,3172,756,839
0,0,0,3317,843,840
0,0,0,3465,942,857
71,0,0,3472,925,862
170,0,0,3518,936,860
275,0,0,3552,943,870
380,0,0,3606,961,884
490,0,0,3650,967,888
608,0,0,3690,986,885
712,0,0,3736,1005,880
822,0,0,3769,1015,887
931,0,0,3851,1050,886
849,0,0,3728,968,888
736,0,0,3591,835,895
634,0,0,3456,717,903
537,0,0,3329,586,911
432,0,0,3199,468,930
324,0,0,3061,338,933
228,0,0,2951,216,940
125,0,0,2831,97,953
48,0,0,2742,0,966
92,0,0,2689,5,956
167,0,0,2629,24,940
247,0,0,2578,39,926
322,0,0,2524,57,910
402,0,0,2488,76,900
479,0,0,2436,91,887
561,0,0,2384,110,869
643,0,0,2344,126,856
727,0,0,2349,144,849
838,0,0,2336,146,853
990,0,0,2380,148,856
1172,0,0,2457,159,883
1332,0,0,2512,166,889
1485,0,0,2564,177,901
1653,0,0,2618,192,917
1816,0,0,2684,199,932
1972,0,0,2746,210,937
2158,0,0,2821,232,940
1980,0,0,2720,208,924
1733,0,0,2617,184,901
1469,0,0,2536,152,908
1229,0,0,2455,124,887
985,0,0,2368,96,881
739,0,0,2302,65,865
497,0,0,2215,46,847
235,0,0,2136,18,848
3,0,0,2105,0,831
0,0,0,2157,1,834
0,0,0,2306,16,831
0,0,0,2439,28,833
0,0,0,2590,45,849
0,0,0,2746,57,848
0,0,0,2884,73,845
0,0,0,3033,87,847
0,0,0,3195,105,843
0,0,0,3376,116,865
0,0,0,3376,122,860
0,0,0,3381,139,858
0,0,0,3412,156,854
0,0,0,3414,176,867
0,0,0,3426,195,863
0,0,0,3437,218,868
0,0,0,3454,236,864
0,0,0,3464,259,862
0,0,0,3522,287,871
37,0,0,3381,265,852
101,0,0,3254,246,849
162,0,0,3122,224,840
224,0,0,3005,207,832
288,0,0,2874,184,817
350,0,0,2752,166,792
410,0,0,2638,147,777
472,0,0,2518,132,780
538,0,0,2400,119,786
507,0,0,2247,114,794
470,0,0,2068,120,808
437,0,0,1914,119,809
403,0,0,1762,121,823
368,0,0,1593,128,839
335,0,0,1432,131,849
304,0,0,1273,136,853
268,0,0,1131,145,876
240,0,0,1025,152,887
221,0,0,1013,146,890
191,0,0,1057,160,903
165,0,0,1111,181,929
136,0,0,1155,198,935
108,0,0,1212,212,935
76,0,0,1255,241,933
48,0,0,1318,259,959
21,0,0,1377,279,975
0,0,0,1465,309,1003
149,0,174,1397,296,967
369,0,398,1334,283,964
594,0,620,1281,275,960
814,0,841,1226,267,946
1040,0,1063,1175,256,921
1281,0,1301,1112,246,898
1504,0,1524,1056,236,890
1733,0,1747,1008,231,861
1955,0,1967,998,234,841
1838,0,1843,945,256,847
1650,0,1602,907,315,849
1482,0,1379,858,362,847
1316,0,1161,837,409,847
1139,0,939,802,460,856
953,0,697,754,510,873
783,0,477,741,558,876
624,0,254,712,613,861
461,0,30,733,674,871
417,0,0,700,636,866
360,0,0,653,586,854
311,0,0,608,525,849
254,0,0,565,471,828
198,0,0,528,415,806
149,0,0,480,369,795
90,0,0,442,314,812
39,0,0,406,257,789
0,0,0,400,206,783
81,0,13,385,258,785
239,0,52,405,359,806
417,0,86,420,458,830
570,0,124,447,544,851
727,0,155,472,635,873
891,0,196,499,723,892
1065,0,229,543,827,915
1221,0,267,567,920,938
1385,0,300,617,1013,963
1292,0,279,600,948,970
1129,0,244,551,829,979
963,0,206,530,707,963
798,0,172,494,592,957
643,0,135,462,473,967
481,0,102,444,357,966
319,0,63,426,240,963
143,0,29,402,117,960
5,0,0,417,12,952
0,0,49,456,32,951
0,0,135,509,92,987
0,0,217,567,154,1021
0,0,307,644,222,1044
0,0,391,697,284,1041
0,0,475,772,346,1084
0,0,559,841,408,1096
0,0,644,906,477,1111
0,0,730,991,536,1128
0,0,683,917,520,1106
0,0,604,824,494,1079
0,0,516,734,474,1054
0,0,426,638,447,1022
0,0,343,542,424,992
0,0,260,450,411,954
0,0,175,370,381,908
0,0,90,292,359,884
0,0,2,234,348,836
0,0,0,228,458,852
0,0,0,235,667,874
0,0,0,233,864,895
0,0,0,241,1059,947
0,0,0,248,1272,988
0,0,0,256,1474,1018
0,0,0,263,1673,1037
0,0,0,273,1863,1056
0,0,0,300,2099,1080
0,0,0,281,1956,1072
16,0,0,245,1724,1053
32,0,0,217,1475,999
48,0,0,186,1241,998
64,0,0,150,984,974
79,0,0,121,748,950
94,0,0,96,512,917
111,0,0,67,274,882
124,0,0,50,46,867
118,0,0,60,10,849
106,0,0,117,7,867
86,0,0,177,5,875
71,0,0,242,3,876
55,0,0,296,0,883
37,0,0,372,1,888
23,0,0,439,4,897
8,0,0,508,8,921
0,0,0,577,11,922
33,0,0,568,51,934
93,0,0,579,117,949
152,0,0,579,192,952
212,0,0,600,262,973
275,0,0,623,333,980
338,0,0,632,414,999
396,0,0,645,489,1007
458,0,0,665,562,1016
516,0,0,679,636,1036
492,0,0,647,604,1041
426,0,0,632,525,1027
371,0,0,605,453,1042
307,0,0,596,378,1046
247,0,0,568,310,1039
185,0,0,547,242,1023
122,0,0,531,166,1026
64,0,0,535,95,1035
5,0,0,548,27,1028
29,0,0,530,46,1015
117,0,0,485,126,1000
205,0,0,452,199,973
293,0,0,418,276,968
381,0,0,389,355,946
466,0,0,351,436,942
565,0,0,318,520,934
648,0,0,283,605,919
739,0,0,260,684,889
745,0,0,256,644,892
722,0,0,257,575,911
707,0,0,263,500,934
686,0,0,261,431,944
660,0,0,279,354,945
640,0,0,282,291,954
614,0,0,289,223,971
599,0,0,302,146,979
588,0,0,318,87,972
568,0,0,296,90,985
535,0,0,266,119,978
506,0,0,237,157,995
487,0,0,210,198,1001
462,0,0,181,226,996
442,0,0,153,266,1004
413,0,0,136,298,1003
396,0,0,114,332,1004
365,0,0,108,377,1006
336,0,144,115,393,1012
324,0,365,152,420,1032
307,0,591,193,439,1033
289,0,829,230,463,1037
279,0,1048,271,491,1058
258,0,1268,313,515,1064
243,0,1492,353,540,1077
237,0,1730,402,572,1105
233,0,1955,437,608,1117
224,0,1861,409,584,1119
195,0,1636,375,537,1114
163,0,1414,338,490,1103
133,0,1177,310,446,1110
108,0,952,268,397,1125
77,0,728,235,357,1135
54,0,508,209,311,1124
29,0,287,182,271,1121
18,0,48,170,227,1121
45,0,0,153,207,1114
108,0,0,136,183,1127
170,0,0,135,156,1123
233,0,0,127,127,1083
307,0,0,128,104,1080
371,0,0,126,77,1075
439,0,0,128,48,1060
510,0,0,124,25,1052
581,0,0,130,0,1043
595,0,0,130,0,1041
620,0,0,151,5,1058
652,0,0,182,15,1075
675,0,0,208,25,1087
700,0,0,234,33,1084
738,0,0,266,41,1094
766,0,0,290,52,1111
790,0,0,324,63,1115
834,0,0,372,67,1135
785,0,0,378,64,1130
688,0,0,394,57,1104
595,0,0,420,48,1091
514,0,0,449,38,1072
425,0,0,474,28,1065
325,0,0,512,19,1042
229,0,0,545,12,1043
145,0,0,583,3,1037
59,0,0,626,0,1014
48,0,0,587,0,999
37,0,0,507,0,996
32,0,0,428,0,982
23,0,0,344,0,967
18,0,0,268,0,975
12,0,0,190,0,963
4,0,0,112,0,949
0,0,0,45,0,936
0,0,0,0,0,922
28,0,0,0,42,925
106,0,0,0,145,921
185,0,0,0,240,919
263,0,0,0,343,917
343,0,0,0,440,906
422,0,0,0,541,913
505,0,0,0,642,920
585,0,0,0,747,911
668,0,0,0,849,907
642,0,8,0,859,921
557,0,49,12,838,921
475,0,84,25,819,921
399,0,120,43,800,932
323,0,160,62,786,941
239,0,196,81,768,948
158,0,237,100,750,964
80,0,279,121,738,960
12,0,310,141,728,974
0,0,305,174,689,972
0,0,264,266,637,962
0,0,226,397,582,960
0,0,187,495,532,930
0,0,147,612,485,918
0,0,112,733,434,902
0,0,74,849,385,897
0,0,33,979,340,871
0,0,0,1108,299,865
28,0,11,1095,300,857
89,0,80,986,318,876
158,0,153,877,341,871
222,0,219,781,361,864
285,0,293,675,383,868
348,0,362,582,403,869
411,0,431,489,422,874
480,0,508,385,446,884
546,0,570,318,473,889
623,0,550,286,458,883
723,0,485,248,431,874
832,0,414,214,417,868
944,0,341,170,405,860
1050,0,268,134,384,850
1158,0,200,97,376,851
1268,0,138,64,363,840
1372,0,65,33,350,837
1491,0,0,0,338,826
1411,0,0,0,328,834
1243,0,0,0,317,848
1073,0,0,0,304,871
892,0,0,3,291,891
730,0,0,8,282,900
551,0,0,12,271,904
384,0,0,14,268,928
221,0,0,19,252,947
35,0,0,23,259,955
5,0,0,39,249,944
32,0,0,82,215,920
57,0,0,128,194,909
86,0,0,169,166,876
112,0,0,224,139,857
140,0,0,271,119,870
170,0,0,319,98,824
193,0,0,365,77,799
221,0,0,415,62,778
216,0,0,402,72,786
185,0,0,381,93,798
162,0,0,365,124,817
136,0,0,350,155,834
106,0,0,340,187,847
78,0,0,329,217,866
53,0,0,321,249,885
25,0,0,320,281,907
0,0,0,317,320,921
0,0,0,360,314,910
0,0,0,450,274,870
5,0,0,542,231,863
14,0,0,645,195,850
19,0,0,755,157,827
26,0,0,869,118,793
32,0,0,974,80,780
37,0,0,1084,47,759
48,0,0,1195,17,740
78,0,0,1361,14,745
131,0,0,1689,12,761
194,0,0,2032,7,767
250,0,0,2374,5,796
311,0,0,2741,3,816
381,0,0,3103,1,825
436,0,0,3446,3,832
496,0,0,3793,5,862
567,0,0,4147,7,889
559,0,0,4288,7,905
482,0,0,4238,5,929
415,0,0,4199,3,944
350,0,0,4178,0,970
285,0,0,4142,0,996
219,0,0,4122,0,1029
145,0,0,4085,0,1062
82,0,0,4074,0,1078
16,0,0,4044,0,1095
0,0,0,4032,16,1100
0,0,0,3953,64,1084
0,0,0,3913,116,1062
0,0,0,3886,165,1058
1,0,0,3834,210,1040
3,0,0,3795,260,1037
5,0,0,3749,310,1021
9,0,0,3705,360,1011
12,0,0,3675,409,1015
40,0,0,3791,406,1005
120,0,0,4028,386,1000
220,0,0,4296,365,1013
304,0,0,4539,345,1003
398,0,0,4781,323,1007
490,0,0,5030,303,990
587,0,0,5259,285,1024
685,0,0,5533,262,1020
777,0,0,5783,239,1010
810,0,0,5921,226,1009
840,0,0,5998,199,1019
879,0,0,6094,171,1014
908,0,0,6192,142,1001
940,0,0,6281,113,1011
978,0,0,6371,87,1020
1009,0,0,6469,57,1007
1055,0,0,6567,28,1022
1095,0,0,6664,1,1021
1059,0,0,6603,10,1022
956,0,0,6449,62,1015
850,0,0,6288,118,1017
734,0,0,6111,179,1030
634,0,0,5950,234,1023
530,0,0,5787,290,1017
426,0,0,5622,344,1007
325,0,0,5457,401,1024
213,0,0,5302,463,1033
183,0,0,5245,475,1030
158,0,0,5295,476,1029
136,0,0,5338,477,1039
111,0,0,5397,480,1056
89,0,0,5452,477,1048
64,0,0,5511,479,1070
44,0,0,5563,481,1099
21,0,0,5624,478,1095
0,0,0,5688,484,1103
0,0,0,5674,471,1113
0,0,0,5631,416,1119
0,0,0,5594,365,1119
0,0,0,5547,312,1136
0,0,0,5505,256,1140
0,0,0,5468,203,1139
0,0,0,5430,153,1149
0,0,0,5393,105,1160
0,0,0,5361,55,1167
18,0,0,5426,37,1187
67,0,0,5547,32,1190
122,0,0,5685,25,1203
181,0,0,5821,19,1228
231,0,0,5973,16,1242
285,0,0,6102,9,1254
338,0,0,6236,3,1265
391,0,0,6381,0,1292
443,0,0,6526,0,1305
447,0,0,6528,51,1349
406,0,0,6397,172,1383
365,0,0,6278,292,1439
327,0,0,6170,423,1491
289,0,0,6063,548,1558
248,0,0,5941,681,1616
208,0,0,5819,809,1660
166,0,0,5708,937,1703
132,0,0,5591,1065,1772
162,0,0,5573,1085,1850
336,0,0,5631,1058,1926
501,0,0,5711,1043,2009
665,0,0,5777,1027,2088
832,0,0,5864,1019,2203
1008,0,0,5934,1000,2279
1176,0,1,6000,982,2377
1342,0,3,6078,973,2461
1512,0,5,6161,964,2549
1536,0,5,6224,927,2647
1423,0,3,6292,841,2748
1325,0,1,6365,752,2863
1209,0,0,6434,675,2961
1109,0,0,6507,601,3060
1004,0,0,6563,515,3168
892,0,0,6632,427,3275
790,0,0,6706,350,3378
687,0,0,6777,277,3483
650,0,0,7019,257,3568
629,0,0,7448,226,3652
604,0,0,7935,192,3736
586,0,0,8383,162,3811
564,0,0,8823,130,3886
540,0,0,9281,99,3962
528,0,0,9725,64,4039
496,0,0,10176,34,4093
481,0,0,10610,5,4188
457,0,0,10655,11,4253
399,0,0,10315,92,4280
344,0,0,9969,182,4304
288,0,0,9639,280,4352
234,0,0,9319,365,4384
183,0,0,8984,458,4419
124,0,0,8632,542,4439
66,0,0,8282,639,4493
14,0,0,7950,730,4535
1,0,0,7858,745,4596
25,0,0,8022,717,4653
53,0,0,8198,690,4717
77,0,0,8350,677,4786
106,0,0,8505,647,4833
127,0,0,8645,628,4894
152,0,0,8810,599,4962
183,0,0,8979,578,5042
205,0,0,9134,564,5108
205,0,0,9359,576,5153
197,0,0,9605,558,5184
187,0,0,9870,548,5214
180,0,0,10160,535,5251
177,0,0,10420,519,5284
166,0,0,10679,514,5321
163,0,0,10961,496,5350
151,0,0,11211,477,5371
146,0,0,11497,471,5399
145,0,0,11650,451,5467
146,0,0,11702,409,5546
148,0,0,11764,367,5614
153,0,0,11838,324,5715
162,0,0,11880,280,5783
171,0,0,11924,245,5860
177,0,0,11973,202,5940
184,0,0,12029,163,5994
200,0,0,12089,122,6085
200,0,0,12173,106,6151
167,0,0,12278,91,6231
146,0,0,12390,78,6306
119,0,0,12498,64,6389
91,0,0,12632,48,6487
64,0,0,12734,38,6555
43,0,0,12848,30,6611
21,0,0,12955,19,6683
1,0,0,13076,11,6755
0,0,0,13187,12,6857
0,0,0,13311,7,6944
0,0,0,13432,5,7028
0,0,0,13561,3,7086
0,0,0,13698,0,7185
0,0,0,13808,0,7258
0,0,0,13928,0,7359
0,0,0,14057,0,7438
0,0,0,14169,0,7524
0,0,0,14389,0,7597
0,0,0,14694,0,7641
0,0,0,14989,0,7675
0,0,0,15288,0,7741
0,0,0,15577,0,7788
0,0,0,15921,0,7826
0,0,0,16221,0,7886
0,0,0,16522,0,7926
0,0,0,16813,0,7973
0,0,0,16976,0,8043
0,0,0,16966,0,8100
0,0,0,16950,0,8144
0,0,0,16922,0,8200
0,0,0,16905,0,8256
0,0,0,16893,0,8319
0,0,0,16864,0,8379
0,0,0,16851,0,8442
0,0,0,16822,0,8516
0,0,0,16893,0,8568
0,0,0,17077,0,8646
0,0,0,17259,0,8720
0,0,0,17434,0,8799
0,0,0,17608,0,8880
0,0,0,17774,0,8959
0,0,0,17966,0,9044
0,0,0,18142,0,9122
0,0,0,18319,0,9199
0,0,39,18335,1,9257
0,0,167,18161,28,9268
0,0,307,17970,58,9281
0,0,433,17786,88,9300
0,0,561,17623,116,9331
0,0,690,17443,144,9330
0,0,829,17243,177,9350
0,0,954,17071,204,9370
0,0,1085,16897,229,9383
0,0,1102,16864,237,9420
0,0,973,17008,234,9469
0,0,837,17156,237,9513
0,0,706,17304,233,9587
0,0,582,17452,230,9624
0,0,451,17586,231,9665
0,0,319,17745,234,9714
0,0,186,17889,229,9780
0,0,63,18029,231,9833
0,0,0,18170,226,9864
25,0,0,18277,201,9884
53,0,0,18371,176,9930
81,0,0,18476,144,9946
107,0,0,18600,116,9973
136,0,0,18692,90,9997
162,0,0,18811,63,10013
188,0,0,18921,32,10028
216,0,0,19016,5,10045
221,0,0,19142,0,10054
193,0,0,19291,19,10055
170,0,0,19448,42,10059
138,0,0,19619,64,10042
111,0,0,19773,89,10037
86,0,0,19919,110,10029
57,0,0,20074,134,10038
32,0,0,20231,157,10034
3,0,0,20391,182,10021
0,0,0,20541,183,10010
28,0,0,20695,162,10003
55,0,0,20837,139,9994
86,0,0,20981,116,9982
117,0,0,21143,91,9950
145,0,0,21292,65,9937
180,0,0,21416,48,9926
204,0,0,21574,25,9923
234,0,0,21724,3,9910
239,0,0,21676,0,9890
208,0,0,21354,0,9876
195,0,0,21048,0,9876
170,0,0,20742,0,9866
150,0,0,20401,0,9850
127,0,0,20089,0,9846
112,0,0,19780,0,9841
93,0,0,19464,0,9831
72,0,0,19142,0,9837
68,0,0,18949,0,9841
61,0,0,18982,0,9856
52,0,0,19013,0,9867
37,0,0,19061,0,9875
32,0,0,19078,0,9913
21,0,0,19117,0,9919
14,0,0,19148,0,9939
3,0,0,19185,0,9964
0,0,0,19207,0,9983
0,0,0,19203,0,9982
0,0,0,19129,0,9954
0,0,0,19043,0,9906
0,0,0,18973,0,9861
0,0,0,18894,0,9826
0,0,0,18818,0,9775
0,0,0,18747,0,9729
0,0,0,18663,0,9696
0,0,0,18592,0,9655
0,0,0,18485,0,9625
0,0,0,18317,0,9614
0,0,0,18155,0,9618
0,0,0,17981,0,9596
0,0,0,17829,0,9569
0,0,0,17656,0,9539
0,0,0,17495,0,9531
0,0,0,17345,0,9526
0,0,0,17178,0,9503
0,0,0,17104,0,9495
0,0,0,17175,0,9495
0,0,0,17255,0,9506
0,0,0,17313,0,9503
0,0,0,17380,0,9502
0,0,0,17466,0,9503
0,0,0,17536,0,9501
0,0,0,17615,0,9515
0,0,0,17695,0,9506
0,0,0,17776,0,9504
0,0,0,17905,0,9494
0,0,0,18037,0,9497
0,0,0,18164,0,9487
0,0,0,18293,0,9483
0,0,0,18418,0,9479
0,0,0,18537,0,9465
0,0,0,18662,0,9457
0,0,0,18787,0,9439
0,0,0,18848,0,9433
0,0,0,18784,0,9452
0,0,0,18714,0,9447
0,0,0,18647,0,9452
0,0,0,18587,0,9463
0,0,0,18530,0,9458
0,0,0,18454,0,9458
0,0,0,18391,0,9465
0,0,0,18322,0,9472
0,0,0,18262,0,9486
0,0,0,18200,0,9517
0,0,0,18137,0,9556
0,0,0,18053,0,9581
0,0,0,18000,0,9591
0,0,0,17929,0,9613
0,0,0,17862,0,9646
0,0,0,17789,0,9689
0,0,0,17723,0,9718
0,0,0,17677,0,9721
0,0,0,17665,0,9720
0,0,0,17642,1,9720
0,0,0,17640,6,9702
0,0,0,17624,12,9706
0,0,0,17604,16,9699
0,0,0,17585,19,9686
0,0,0,17582,25,9687
0,0,0,17559,28,9683
0,0,0,17672,32,9681
0,0,0,17997,34,9680
0,0,0,18331,39,9682
0,0,0,18669,52,9662
0,0,0,19017,60,9655
0,0,0,19339,71,9663
0,0,0,19677,81,9661
0,0,0,20006,91,9658
0,0,0,20359,106,9640
0,0,0,20469,109,9647
32,0,0,20169,95,9670
65,0,0,19894,82,9720
106,0,0,19595,64,9771
139,0,0,19297,53,9804
176,0,0,19004,39,9823
206,0,0,18742,26,9850
241,0,0,18450,12,9895
281,0,0,18165,0,9933
289,0,0,17966,0,9954
252,0,0,17966,12,9960
220,0,0,17950,28,9958
184,0,0,17940,48,9960
151,0,0,17938,64,9969
114,0,0,17947,81,9977
79,0,0,17950,96,9983
48,0,0,17938,115,9970
14,0,0,17929,132,9976
0,0,0,18041,155,9936
1,0,0,18354,214,9822
12,0,0,18662,287,9699
19,0,0,18980,356,9595
28,0,0,19295,428,9469
37,0,0,19631,513,9338
48,0,0,19943,586,9223
58,0,0,20248,667,9099
65,0,0,20562,746,8982
77,0,0,20896,780,8842
149,0,0,21324,692,8642
224,0,0,21719,612,8464
301,0,0,22102,535,8260
385,0,0,22502,457,8078
463,0,0,22894,380,7897
551,0,0,23323,304,7698
627,0,0,23702,230,7523
713,0,0,24100,157,7330
784,0,0,24569,127,7128
861,0,0,25249,171,6870
945,0,0,25896,223,6629
1038,0,0,26538,278,6391
1124,0,0,27172,327,6155
1213,0,0,27818,378,5928
1313,0,0,28504,435,5655
1400,0,0,29153,481,5428
1499,0,0,29780,539,5191
1585,0,0,30317,616,4930
1726,0,0,30566,944,4686
1892,0,0,30840,1309,4408
2033,0,0,31109,1641,4134
2190,0,0,31362,1977,3882
2340,0,0,31623,2332,3619
2512,0,0,31889,2684,3344
2671,0,0,32155,3039,3083
2824,0,0,32412,3388,2828
3033,0,0,32678,3574,2596
3615,0,0,33023,3387,2412
4281,0,0,33377,3195,2234
4909,0,0,33703,3020,2065
5547,0,0,34041,2833,1883
6149,0,0,34375,2655,1707
6783,0,0,34683,2472,1537
7440,0,0,35032,2284,1358
8075,0,0,35376,2106,1198
8458,0,0,35613,1996,1045
8308,0,0,35691,1923,998
8193,0,0,35761,1840,951
8017,0,0,35825,1767,888
7891,0,0,35887,1694,843
7756,0,0,35964,1618,779
7623,0,0,36011,1541,738
7470,0,0,36089,1462,677
7336,0,0,36148,1394,621
7374,0,0,36279,1388,584
7669,0,0,36548,1571,518
7958,0,0,36817,1788,466
8288,0,0,37111,2016,396
8563,0,0,37381,2248,336
8865,0,0,37652,2469,279
9158,0,0,37907,2702,203
9458,0,0,38162,2918,161
9776,0,0,38463,3159,129
9913,0,0,38771,3291,119
9827,0,0,39193,3172,110
9750,0,0,39609,3088,96
9676,0,0,40022,2997,84
9597,0,0,40466,2905,68
9539,0,0,40897,2824,58
9435,0,0,41308,2744,57
9372,0,0,41712,2662,52
9296,0,0,42178,2584,48
9391,0,0,42330,2558,46
10001,0,0,41841,2679,38
10620,0,0,41352,2815,32
11238,0,0,40839,2953,16
11888,0,0,40307,3103,10
12510,0,0,39817,3236,7
13131,0,0,39319,3389,3
13737,0,0,38839,3526,0
14369,0,0,38342,3684,0
14856,0,0,38046,3806,0
14681,0,0,38406,3850,0
14541,0,0,38763,3919,0
14390,0,0,39124,3982,0
14233,0,0,39471,4045,0
14083,0,0,39851,4119,0
13925,0,0,40194,4169,0
13768,0,0,40545,4241,0
13614,0,0,40903,4323,0
13465,0,0,41108,4474,0
13256,0,0,40864,4737,0
13051,0,0,40609,5030,0
12859,0,0,40354,5315,0
12665,0,0,40102,5599,0
12461,0,0,39821,5903,0
12269,0,0,39579,6206,0
12062,0,0,39321,6474,0
11871,0,0,39074,6760,0
11687,0,0,38943,6920,0
11498,0,0,39288,6646,0
11334,0,0,39625,6395,0
11177,0,0,39950,6146,0
11005,0,0,40292,5890,0
10847,0,0,40602,5644,0
10679,0,0,40960,5369,1
10497,0,0,41279,5123,3
10341,0,0,41603,4896,6
10226,0,0,41805,4697,10
10044,0,0,41496,4604,8
9878,0,0,41201,4542,8
9737,0,0,40886,4463,6
9575,0,0,40588,4382,10
9431,0,0,40304,4304,13
9249,0,0,39992,4231,15
9111,0,0,39678,4155,20
8947,0,0,39394,4088,23
8807,0,0,39210,4038,27
8724,0,0,39435,3937,21
8640,0,0,39678,3838,17
8570,0,0,39918,3754,9
8509,0,0,40133,3666,7
8432,0,0,40365,3579,5
8363,0,0,40585,3498,1
8294,0,0,40821,3407,3
8235,0,0,41053,3317,5
8233,0,0,41273,3254,7
8412,0,0,41403,3232,5
8592,0,0,41547,3239,3
8781,0,0,41691,3248,0
8968,0,0,41836,3249,0
9151,0,0,41969,3251,0
9325,0,0,42118,3252,0
9542,0,0,42256,3252,0
9718,0,0,42418,3274,0
9945,0,0,42481,3326,0
10250,0,0,42299,3407,0
10547,0,0,42129,3511,0
10882,0,0,41948,3626,0
11208,0,0,41767,3747,0
11512,0,0,41604,3844,0
11809,0,0,41420,3959,0
12117,0,0,41248,4062,0
12459,0,0,41057,4199,0
12681,0,0,40943,4290,0
12571,0,0,41025,4458,0
12452,0,0,41127,4632,0
12323,0,0,41235,4833,0
12213,0,0,41333,5023,0
12107,0,0,41410,5208,0
12008,0,0,41496,5377,3
11910,0,0,41605,5568,5
11769,0,0,41702,5773,7
11753,0,0,41753,5845,7
12185,0,0,41702,5394,5
12624,0,0,41662,4967,3
13051,0,0,41609,4545,1
13512,0,0,41561,4083,0
13948,0,0,41516,3667,0
14385,0,0,41464,3252,0
14817,0,0,41426,2832,0
15283,0,0,41368,2359,1
15633,0,0,41326,2166,1
15493,0,0,41334,2592,0
15357,0,0,41357,3054,0
15239,0,0,41385,3513,0
15087,0,0,41384,4020,0
14965,0,0,41408,4495,0
14826,0,0,41425,4955,0
14711,0,0,41436,5422,0
14567,0,0,41447,5907,0
14424,0,0,41451,6265,0
14240,0,0,41479,6127,0
14068,0,0,41505,5988,0
13893,0,0,41525,5853,0
13723,0,0,41558,5717,0
13539,0,0,41574,5572,0
13357,0,0,41599,5446,0
13187,0,0,41637,5320,0
13028,0,0,41660,5188,1
12971,0,0,41628,5114,1
13452,0,0,41399,5202,0
13966,0,0,41164,5310,0
14473,0,0,40915,5419,0
14998,0,0,40690,5526,0
15525,0,0,40433,5646,0
16049,0,0,40208,5756,0
16535,0,0,39969,5867,0
17051,0,0,39739,5982,0
17436,0,0,39559,6100,0
16685,0,0,39721,6028,0
16005,0,0,39882,5964,0
15333,0,0,40056,5875,0
14671,0,0,40206,5825,0
13977,0,0,40367,5754,0
13255,0,0,40530,5688,1
12588,0,0,40698,5641,3
11918,0,0,40848,5578,11
11444,0,0,40976,5533,12
12073,0,0,40938,5489,8
12671,0,0,40893,5481,1
13290,0,0,40850,5482,0
13896,0,0,40818,5468,0
14500,0,0,40772,5460,0
15155,0,0,40751,5467,0
15750,0,0,40704,5472,0
16359,0,0,40656,5474,0
16888,0,0,40641,5471,0
16802,0,0,40797,5157,0
16758,0,0,40959,4829,0
16718,0,0,41083,4544,0
16675,0,0,41240,4255,0
16627,0,0,41381,3942,1
16582,0,0,41531,3656,4
16528,0,0,41685,3340,6
16493,0,0,41846,3066,7
16402,0,0,41962,2852,9
15677,0,0,41919,3105,7
14926,0,0,41848,3402,5
14216,0,0,41800,3680,3
13514,0,0,41757,3960,1
12787,0,0,41708,4245,1
12097,0,0,41659,4521,7
11344,0,0,41606,4816,11
10645,0,0,41556,5101,14
10074,0,0,41554,5334,16
9988,0,0,41690,5112,15
9942,0,0,41825,4904,14
9869,0,0,41974,4694,13
9816,0,0,42120,4486,12
9742,0,0,42260,4279,16
9688,0,0,42394,4084,17
9648,0,0,42535,3868,17
9584,0,0,42694,3677,16
9707,0,0,42790,3563,18
10816,0,0,42635,3662,15
11965,0,0,42460,3786,13
13198,0,0,42294,3902,10
14351,0,0,42119,4032,5
15463,0,0,41953,4140,0
16614,0,0,41792,4266,0
17793,0,0,41631,4391,0
18992,0,0,41459,4521,0
19933,0,0,41297,4617,0
19774,0,0,41294,4271,0
19659,0,0,41267,3963,0
19490,0,0,41247,3658,1
19339,0,0,41223,3322,5
19167,0,0,41193,3007,9
19024,0,0,41181,2711,10
18895,0,0,41160,2393,14
18737,0,0,41138,2095,16
18541,0,0,41118,1864,21
18037,0,0,41140,1963,16
17590,0,0,41153,2103,14
17090,0,0,41155,2240,10
16563,0,0,41175,2407,7
16088,0,0,41192,2546,5
15611,0,0,41196,2683,1
15127,0,0,41216,2837,0
14657,0,0,41222,2975,0
14223,0,0,41242,3158,0
13914,0,0,41390,3623,0
13585,0,0,41537,4122,0
13260,0,0,41664,4629,0
12946,0,0,41792,5142,0
12617,0,0,41942,5674,0
12297,0,0,42082,6191,0
11978,0,0,42230,6685,0
11669,0,0,42366,7193,0
11479,0,0,42499,7687,0
12465,0,0,42456,7446,0
13432,0,0,42452,7228,0
14394,0,0,42424,7026,0
15371,0,0,42401,6812,0
16397,0,0,42376,6592,0
17373,0,0,42371,6389,0
18335,0,0,42354,6177,4
19317,0,0,42309,5983,8
20159,0,0,42300,5823,10
19282,0,0,42248,5940,6
18507,0,0,42202,6111,2
17699,0,0,42149,6268,0
16909,0,0,42119,6435,0
16112,0,0,42052,6611,0
15263,0,0,42008,6774,0
14479,0,0,41987,6937,0
13680,0,0,41932,7119,0
13019,0,0,41881,7287,0
14214,0,0,41816,6934,0
15334,0,0,41763,6613,0
16475,0,0,41701,6296,0
17582,0,0,41641,5969,0
18749,0,0,41582,5663,0
19946,0,0,41522,5313,0
21074,0,0,41474,4995,6
22215,0,0,41427,4679,10
23150,0,0,41419,4435,10
21652,0,0,41848,4403,6
20067,0,0,42335,4433,2
18560,0,0,42797,4466,0
17075,0,0,43238,4502,3
15586,0,0,43704,4526,5
14104,0,0,44149,4551,7
12514,0,0,44632,4585,10
10999,0,0,45075,4636,14
9728,0,0,45470,4728,14
10422,0,0,45128,4851,12
11190,0,0,44772,5025,9
11886,0,0,44445,5213,7
12584,0,0,44114,5398,5
13276,0,0,43767,5587,1
13988,0,0,43436,5766,0
14748,0,0,43091,5964,0
15441,0,0,42745,6153,0
16134,0,0,42411,6329,0
16259,0,0,42242,5991,0
16413,0,0,42076,5689,4
16580,0,0,41918,5355,9
16731,0,0,41726,5039,15
16877,0,0,41560,4735,27
17045,0,0,41383,4436,32
17201,0,0,41223,4125,37
17375,0,0,41024,3791,48
17533,0,0,40892,3578,61
17320,0,0,41143,3540,48
17136,0,0,41409,3543,36
16948,0,0,41692,3546,32
16775,0,0,41955,3552,28
16588,0,0,42232,3556,18
16417,0,0,42486,3560,15
16238,0,0,42751,3566,10
16050,0,0,43041,3574,9
15975,0,0,43274,3612,10
17060,0,0,43197,3464,9
18163,0,0,43128,3338,8
19276,0,0,43065,3206,7
20458,0,0,42974,3056,8
21559,0,0,42908,2937,8
22657,0,0,42847,2812,14
23769,0,0,42766,2686,24
24877,0,0,42689,2557,37
25911,0,0,42640,2512,43
24690,0,0,42783,2412,35
23475,0,0,42929,2374,20
22258,0,0,43087,2338,14
20960,0,0,43251,2302,8
19744,0,0,43393,2267,3
18548,0,0,43541,2229,0
17328,0,0,43701,2189,0
16117,0,0,43843,2166,0
14938,0,0,43997,2153,2
14600,0,0,44030,2248,1
14283,0,0,44041,2362,0
13980,0,0,44067,2486,0
13688,0,0,44094,2619,0
13350,0,0,44130,2730,0
13053,0,0,44141,2862,0
12740,0,0,44168,2997,0
12434,0,0,44188,3137,0
12161,0,0,44223,3312,0
12555,0,0,44049,3203,0
12942,0,0,43903,3117,0
13331,0,0,43751,3051,5
13731,0,0,43603,2982,7
14157,0,0,43444,2903,9
14555,0,0,43295,2826,15
14935,0,0,43162,2758,23
15355,0,0,43010,2691,26
15800,0,0,42867,2696,36
15363,0,0,42875,2966,25
15012,0,0,42891,3314,22
14667,0,0,42903,3652,15
14318,0,0,42927,4005,8
13964,0,0,42946,4356,7
13601,0,0,42975,4733,5
13246,0,0,42983,5089,1
12899,0,0,43016,5441,3
12617,0,0,43045,5822,5
12478,0,0,43014,5722,3
12413,0,0,43010,5655,1
12333,0,0,43003,5602,0
12263,0,0,43000,5540,2
12196,0,0,43002,5488,8
12126,0,0,42995,5429,17
12062,0,0,42997,5388,21
11992,0,0,42981,5329,25
12043,0,0,43009,5324,32
12027,0,0,42905,5293,25
12110,0,0,42825,5290,20
12202,0,0,42745,5294,14
12274,0,0,42666,5306,6
12376,0,0,42588,5313,1
12452,0,0,42515,5309,0
12554,0,0,42441,5331,0
12629,0,0,42361,5339,0
12800,0,0,42302,5383,0
12617,0,0,42550,5240,0
12504,0,0,42793,5160,0
12381,0,0,43066,5074,0
12282,0,0,43315,4989,0
12182,0,0,43560,4900,0
12068,0,0,43829,4837,0
11969,0,0,44087,4750,1
11871,0,0,44338,4678,3
11826,0,0,44611,4675,5
12002,0,0,44509,4658,3
12229,0,0,44433,4684,1
12472,0,0,44343,4717,0
12700,0,0,44275,4741,0
12936,0,0,44192,4784,0
13162,0,0,44119,4824,1
13399,0,0,44042,4864,3
13643,0,0,43957,4904,6
13973,0,0,43893,5017,10
14057,0,0,43633,4770,6
14240,0,0,43368,4562,3
14410,0,0,43095,4349,1
14596,0,0,42847,4142,1
14753,0,0,42604,3933,5
14918,0,0,42352,3731,7
15093,0,0,42100,3524,9
15285,0,0,41821,3309,10
15487,0,0,41593,3169,14
15391,0,0,41786,3429,10
15344,0,0,41997,3785,9
15306,0,0,42208,4155,7
15252,0,0,42432,4539,5
15215,0,0,42648,4910,1
15175,0,0,42861,5270,0
15152,0,0,43069,5628,0
15098,0,0,43268,6000,0
15122,0,0,43512,6446,0
15390,0,0,43420,6184,0
15743,0,0,43341,5932,0
16070,0,0,43252,5712,0
16428,0,0,43157,5465,0
16779,0,0,43078,5222,0
17118,0,0,42990,5004,1
17464,0,0,42903,4762,3
17820,0,0,42820,4532,5
18275,0,0,42755,4332,7
17400,0,0,42497,4444,5
16610,0,0,42249,4601,3
15813,0,0,42011,4770,1
15013,0,0,41783,4938,0
14165,0,0,41511,5116,0
13376,0,0,41294,5276,0
12588,0,0,41056,5449,0
11810,0,0,40817,5626,0
11027,0,0,40581,5814,1
10979,0,0,40674,5762,0
11006,0,0,40793,5747,0
11035,0,0,40926,5729,0
11063,0,0,41040,5716,2
11098,0,0,41165,5693,10
11125,0,0,41297,5693,15
11157,0,0,41412,5678,23
11190,0,0,41542,5662,29
11233,0,0,41661,5692,40
11500,0,0,41791,5598,30
11768,0,0,41898,5538,27
12041,0,0,42020,5487,26
12310,0,0,42116,5446,22
12568,0,0,42249,5390,21
12871,0,0,42361,5345,22
13146,0,0,42482,5282,28
13428,0,0,42592,5249,34
13707,0,0,42709,5248,38
13359,0,0,42739,5016,34
12934,0,0,42760,4767,28
12552,0,0,42774,4540,25
12155,0,0,42805,4322,19
11769,0,0,42809,4097,14
11333,0,0,42828,3862,12
10958,0,0,42852,3653,9
10576,0,0,42868,3422,7
10214,0,0,42909,3252,8
10463,0,0,42943,3276,6
10808,0,0,43008,3385,5
11126,0,0,43071,3480,1
11472,0,0,43126,3582,0
11803,0,0,43194,3678,0
12143,0,0,43264,3774,0
12478,0,0,43334,3891,0
12818,0,0,43393,3992,0
13183,0,0,43455,4154,0
14155,0,0,43489,4551,0
15208,0,0,43501,5060,0
16330,0,0,43529,5597,0
17392,0,0,43557,6086,3
18448,0,0,43577,6599,5
19516,0,0,43612,7101,7
20653,0,0,43632,7629,10
21706,0,0,43665,8152,14
22784,0,0,43696,8682,16
22078,0,192,43573,8302,14
21259,0,412,43431,7918,10
20377,0,647,43282,7493,8
19577,0,874,43149,7109,9
18733,0,1096,43010,6709,8
17918,0,1318,42875,6313,12
17121,0,1541,42741,5923,16
16235,0,1781,42596,5506,21
15424,0,2001,42461,5156,24
15535,0,1812,42609,5130,22
15769,0,1590,42778,5139,17
15973,0,1366,42931,5163,15
16196,0,1127,43109,5171,6
16411,0,905,43259,5193,3
16646,0,683,43434,5217,0
16847,0,463,43583,5245,0
17101,0,223,43761,5265,1
17323,0,0,43922,5332,3
17179,0,0,43650,5206,1
17033,0,0,43334,5112,0
16884,0,0,43004,5032,0
16736,0,0,42664,4924,0
16582,0,0,42364,4846,0
16439,0,0,42055,4749,0
16293,0,0,41739,4666,1
16150,0,0,41420,4578,3
16010,0,0,41086,4559,5
16079,0,0,41415,4495,3
16174,0,0,41794,4488,1
16261,0,0,42173,4478,0
16348,0,0,42556,4450,0
16443,0,0,42961,4447,0
16526,0,0,43340,4425,0
16618,0,0,43722,4425,0
16711,0,0,44117,4407,0
16840,0,0,44510,4437,0
16539,0,0,44376,4241,0
16232,0,0,44212,4073,0
15937,0,0,44033,3897,0
15633,0,0,43876,3708,0
15309,0,0,43675,3527,0
15016,0,0,43513,3352,0
14714,0,0,43354,3181,0
14413,0,0,43189,3006,0
14133,0,0,43013,2869,0
14466,0,0,42800,3038,0
14884,0,0,42598,3258,0
15275,0,0,42390,3483,0
15696,0,0,42173,3706,0
16131,0,0,41955,3960,0
16529,0,0,41744,4174,0
16940,0,0,41548,4409,0
17360,0,0,41352,4636,0
17766,0,0,41151,4884,0
17754,0,0,41341,5081,0
17712,0,0,41589,5337,0
17658,0,0,41835,5580,0
17594,0,0,42080,5827,0
17552,0,0,42306,6093,0
17487,0,0,42561,6365,0
17436,0,0,42804,6621,0
17377,0,0,43054,6879,0
17345,0,0,43298,7142,0
16797,0,0,43384,7162,0
16132,0,0,43445,7105,0
15516,0,0,43499,7057,0
14906,0,0,43546,7024,0
14301,0,0,43607,6983,0
13634,0,0,43658,6926,3
13031,0,0,43718,6883,5
12398,0,0,43787,6856,7
11827,0,0,43839,6841,7
11567,0,0,43756,6615,7
11361,0,0,43646,6330,5
11174,0,0,43541,6085,3
10964,0,0,43444,5841,2
10776,0,0,43352,5585,6
10590,0,0,43256,5347,11
10395,0,0,43151,5069,15
10194,0,0,43049,4826,21
10031,0,0,42943,4609,26
9670,0,0,43034,4441,26
9292,0,0,43134,4283,27
8883,0,0,43249,4110,32
8473,0,0,43358,3944,43
8094,0,0,43472,3796,62
7707,0,0,43589,3636,81
7293,0,0,43706,3470,96
6908,0,0,43811,3304,120
6540,0,0,43918,3181,140
6015,0,0,43861,2973,143
5399,0,0,43758,2728,137
4748,0,0,43668,2450,148
4138,0,0,43575,2199,186
3533,0,0,43476,1964,215
2937,0,0,43383,1709,243
2320,0,0,43288,1468,273
1673,0,0,43207,1206,299
1099,0,0,43109,1004,341
1004,0,0,42823,915,358
930,0,0,42514,807,386
853,0,0,42207,706,433
769,0,0,41868,596,477
692,0,0,41572,495,517
618,0,0,41266,387,545
541,0,0,40954,292,592
459,0,0,40626,175,643
406,0,0,40319,83,677
402,0,0,40210,77,674
424,0,0,40144,64,660
455,0,0,40073,54,658
487,0,0,40010,43,658
512,0,0,39937,33,636
539,0,0,39850,24,638
569,0,0,39782,12,623
594,0,0,39703,3,628
647,0,0,39636,0,620
596,0,0,39390,7,619
524,0,0,39108,28,618
453,0,0,38835,48,616
378,0,0,38566,65,596
310,0,0,38272,91,596
235,0,0,37981,113,607
171,0,0,37704,136,616
101,0,0,37434,157,620
48,0,0,37135,181,625
135,0,0,36827,163,593
260,0,0,36526,142,548
404,0,0,36200,120,521
541,0,0,35884,100,482
691,0,0,35544,78,433
829,0,0,35220,56,414
965,0,0,34906,35,387
1110,0,0,34593,19,363
1256,0,0,34278,5,326
1404,0,0,34489,17,336
1581,0,0,34802,36,356
1762,0,0,35122,60,390
1936,0,0,35424,82,450
2116,0,0,35753,107,481
2312,0,0,36088,133,513
2497,0,0,36393,160,570
2676,0,0,36711,183,609
2878,0,0,37040,206,641
2785,0,0,36856,251,634
2640,0,0,36587,335,616
2489,0,0,36303,425,609
2356,0,0,36049,512,583
2215,0,0,35761,599,566
2063,0,0,35471,698,536
1925,0,0,35197,793,520
1791,0,0,34905,879,511
1659,0,0,34642,976,498
1511,0,0,34472,971,490
1308,0,0,34328,963,491
1131,0,0,34183,946,489
940,0,0,34045,931,477
753,0,0,33905,918,488
569,0,0,33755,898,485
369,0,0,33620,886,494
187,0,0,33466,876,505
18,0,0,33334,875,513
0,0,0,33527,867,519
3,0,0,33854,869,513
12,0,0,34161,876,523
19,0,0,34469,887,529
26,0,0,34765,888,538
35,0,0,35076,898,542
46,0,0,35395,899,533
53,0,0,35691,902,544
61,0,0,35987,919,562
55,0,0,35909,850,563
48,0,0,35715,748,549
37,0,0,35517,635,549
32,0,0,35344,535,511
22,0,0,35146,431,487
14,0,0,34958,337,488
5,0,0,34763,227,467
0,0,0,34585,124,457
0,0,0,34387,30,453
19,0,0,34375,57,469
73,0,0,34387,109,487
130,0,0,34432,163,499
181,0,0,34438,218,529
234,0,0,34458,270,561
294,0,0,34489,324,577
347,0,0,34510,376,615
403,0,0,34536,440,633
466,0,0,34547,492,660
498,0,0,34715,508,654
563,0,0,34927,536,640
623,0,0,35134,567,642
692,0,0,35367,600,625
760,0,0,35579,626,609
825,0,0,35787,657,590
892,0,0,35992,684,586
965,0,0,36215,716,582
1038,0,0,36435,745,562
1039,0,0,36654,695,560
1052,0,0,36866,620,543
1061,0,0,37082,552,544
1080,0,0,37304,468,545
1081,0,0,37531,401,549
1097,0,0,37729,324,531
1112,0,0,37955,250,531
1127,0,0,38162,182,529
1155,0,0,38381,111,534
1066,0,0,38507,194,548
931,0,0,38597,382,542
806,0,0,38681,553,545
668,0,0,38776,742,565
527,0,0,38874,939,567
395,0,0,38961,1123,563
262,0,0,39055,1299,582
134,0,0,39128,1490,587
8,0,0,39227,1695,590
78,0,0,38936,1678,565
195,0,0,38551,1631,545
313,0,0,38157,1576,517
430,0,0,37757,1521,486
560,0,0,37319,1472,457
672,0,0,36929,1422,428
787,0,0,36534,1376,412
907,0,0,36127,1322,393
1026,0,0,35735,1285,370
967,0,0,35640,1224,359
846,0,0,35641,1138,372
730,0,0,35664,1050,383
613,0,0,35683,964,402
496,0,0,35685,876,436
372,0,0,35724,785,443
252,0,0,35747,698,443
138,0,0,35739,616,469
19,0,0,35764,543,500
37,0,0,35986,500,511
106,0,0,36266,465,525
170,0,0,36558,426,542
230,0,0,36846,388,541
297,0,0,37131,356,563
370,0,0,37428,311,562
433,0,0,37719,272,572
498,0,0,38011,239,590
568,0,0,38302,203,598
538,0,0,38157,263,592
501,0,0,37858,420,588
463,0,0,37560,573,579
430,0,0,37257,725,562
399,0,0,36971,874,563
366,0,0,36678,1029,544
334,0,0,36371,1192,541
295,0,0,36059,1338,517
268,0,0,35767,1501,518
249,0,0,35663,1472,513
214,0,0,35632,1362,512
181,0,0,35612,1271,514
149,0,0,35576,1171,497
115,0,0,35555,1081,495
85,0,0,35496,983,489
50,0,0,35482,885,481
20,0,0,35438,788,482
0,0,0,35411,702,482
110,0,0,35571,656,488
337,0,0,35797,577,489
575,0,0,36037,491,498
797,0,0,36253,412,498
1023,0,0,36484,333,505
1249,0,0,36705,255,523
1476,0,0,36929,179,524
1712,0,0,37171,95,527
1939,0,0,37377,19,557
1846,0,0,37599,21,549
1616,0,0,37818,53,534
1380,0,0,38034,93,532
1152,0,0,38239,125,526
930,0,0,38458,165,529
700,0,0,38666,205,511
471,0,0,38876,242,504
239,0,0,39089,285,504
22,0,0,39307,326,507
43,0,0,39199,309,496
130,0,0,38973,269,488
229,0,0,38752,228,488
332,0,0,38498,190,497
426,0,0,38259,151,490
520,0,0,38032,111,479
611,0,0,37808,66,479
708,0,0,37583,34,480
806,0,0,37333,0,493
766,0,0,37189,0,487
673,0,0,37073,0,481
576,0,0,36974,0,477
477,0,0,36824,0,479
381,0,0,36716,0,480
288,0,0,36605,0,480
197,0,0,36482,0,491
102,0,0,36375,0,507
5,0,0,36248,0,515
5,0,0,36152,26,506
32,0,0,36080,90,483
57,0,0,36012,155,474
85,0,0,35949,213,473
111,0,0,35874,288,492
138,0,0,35806,352,474
165,0,0,35744,422,477
189,0,0,35663,484,447
219,0,0,35598,558,454
301,0,0,35622,543,435
454,0,0,35662,520,416
603,0,0,35724,516,410
761,0,0,35782,510,393
930,0,0,35846,499,382
1082,0,0,35911,489,366
1235,0,0,35953,476,368
1391,0,0,36022,472,359
1553,0,0,36067,470,348
1521,0,0,35898,466,353
1395,0,0,35644,479,350
1281,0,0,35347,499,346
1167,0,0,35086,511,359
1044,0,0,34827,533,367
922,0,0,34526,554,378
804,0,0,34245,567,388
689,0,0,33990,585,403
583,0,0,33722,620,409
522,0,144,33681,605,418
462,0,365,33750,588,436
406,0,591,33826,569,435
352,0,810,33906,559,438
294,0,1032,33978,545,450
236,0,1268,34060,527,475
181,0,1492,34139,512,482
126,0,1716,34213,498,486
68,0,1938,34289,494,500
91,0,1874,34492,476,519
206,0,1636,34768,413,519
314,0,1414,35022,355,514
431,0,1192,35274,297,507
546,0,970,35542,238,513
658,0,745,35828,182,516
781,0,508,36121,115,519
897,0,287,36357,60,505
1020,0,63,36620,8,518
1126,0,0,36481,53,510
1277,0,0,36085,198,489
1413,0,0,35727,339,481
1557,0,0,35373,485,472
1706,0,0,34998,621,460
1838,0,0,34643,769,452
1991,0,0,34257,916,436
2136,0,0,33892,1057,436
2286,0,0,33526,1199,423
2196,0,0,33377,1160,426
1933,0,0,33352,1014,432
1648,0,0,33318,866,430
1381,0,0,33288,725,430
1117,0,0,33253,583,429
857,0,0,33219,442,442
598,0,0,33175,296,446
315,0,0,33152,149,453
62,0,0,33117,16,467
36,0,0,33216,44,481
163,0,0,33397,157,485
292,0,0,33567,295,520
422,0,0,33737,419,547
549,0,0,33921,544,569
674,0,0,34080,664,596
802,0,0,34251,789,621
934,0,0,34435,928,646
1065,0,0,34590,1047,672
1040,0,0,34708,1010,663
934,0,0,34761,890,643
833,0,0,34797,759,619
732,0,0,34851,628,586
629,0,0,34911,509,581
533,0,0,34966,381,554
421,0,0,35013,255,520
322,0,0,35075,132,495
219,0,0,35144,17,485
264,0,0,35205,0,486
358,0,0,35274,7,492
439,0,0,35364,18,487
528,0,0,35459,28,513
616,0,0,35529,39,499
711,0,0,35620,51,490
799,0,0,35689,63,506
886,0,0,35786,73,508
985,0,0,35867,87,521
1119,0,0,35817,84,518
1333,0,0,35694,89,519
1535,0,0,35574,99,509
1749,0,0,35473,111,500
1964,0,0,35323,122,501
2179,0,0,35212,132,495
2391,0,0,35089,140,494
2593,0,0,34978,150,490
2802,0,0,34848,167,492
2792,0,0,34755,189,503
2633,0,0,34690,241,505
2480,0,0,34628,298,509
2339,0,0,34569,359,518
2166,0,0,34494,417,548
2015,0,0,34459,477,571
1868,0,0,34390,536,576
1719,0,0,34337,592,594
1568,0,0,34269,657,611
1430,0,0,34264,663,607
1279,0,0,34299,671,590
1130,0,0,34316,682,572
972,0,0,34355,694,541
821,0,0,34381,709,511
658,0,0,34396,731,492
505,0,0,34434,740,475
356,0,0,34454,750,450
208,0,0,34486,777,446
205,0,0,34346,773,432
294,0,0,34095,752,435
379,0,0,33848,747,441
467,0,0,33594,733,438
550,0,0,33352,722,436
641,0,0,33088,716,437
725,0,0,32841,702,436
810,0,0,32596,688,443
897,0,0,32346,674,454
879,0,0,32341,652,457
779,0,0,32487,592,463
687,0,0,32621,529,463
599,0,0,32771,467,462
504,0,0,32923,409,464
414,0,0,33052,346,467
317,0,0,33199,285,475
228,0,0,33356,226,480
139,0,0,33496,170,483
106,0,0,33613,171,482
89,0,0,33735,210,490
75,0,0,33826,254,481
63,0,0,33935,292,495
48,0,0,34030,336,489
34,0,0,34122,373,506
19,0,0,34232,420,516
8,0,0,34319,468,518
0,0,0,34425,512,538
36,0,0,34284,500,545
138,0,0,33951,442,523
251,0,0,33586,372,522
358,0,0,33260,312,515
470,0,0,32928,251,509
578,0,0,32598,192,510
691,0,0,32268,128,504
808,0,0,31926,64,507
920,0,0,31589,5,497
898,0,0,31519,0,501
792,0,0,31659,0,485
673,0,0,31789,0,496
564,0,0,31910,0,501
453,0,0,32042,0,500
345,0,0,32175,0,503
235,0,0,32297,0,495
124,0,0,32439,0,500
23,0,0,32572,0,511
5,0,0,32532,0,513
58,0,0,32366,0,510
114,0,0,32199,0,514
177,0,0,32041,0,524
239,0,0,31883,0,530
300,0,0,31704,0,523
362,0,0,31546,0,522
419,0,0,31384,0,532
487,0,0,31216,0,532
486,0,0,31354,0,526
466,0,0,31693,0,518
452,0,0,32044,0,519
442,0,0,32414,0,518
419,0,0,32749,0,509
406,0,0,33094,0,517
388,0,0,33451,0,516
372,0,0,33796,0,523
368,0,0,34169,0,531
438,0,115,34242,1,523
567,0,339,34093,22,499
696,0,561,33954,59,473
823,0,784,33816,100,474
962,0,1024,33667,144,469
1085,0,1250,33512,182,454
1215,0,1470,33371,219,439
1345,0,1692,33235,256,449
1477,0,1915,33083,298,457
1464,0,1897,33025,321,455
1306,0,1677,33018,327,452
1152,0,1456,33027,340,444
997,0,1237,33025,355,439
843,0,992,33037,365,440
693,0,767,33039,379,450
546,0,548,33048,390,446
399,0,322,33061,400,456
250,0,98,33050,431,470
238,0,0,32988,423,464
333,0,0,32851,378,451
423,0,0,32721,336,441
517,0,0,32590,293,460
609,0,0,32457,251,460
705,0,0,32315,207,440
805,0,0,32166,164,434
904,0,0,32047,123,434
1007,0,0,31905,79,444
1005,0,0,31939,69,444
880,0,0,32198,92,426
761,0,0,32420,112,431
643,0,0,32642,135,435
526,0,0,32882,158,449
397,0,0,33099,181,442
283,0,0,33329,202,451
163,0,0,33545,223,457
48,0,0,33773,252,463
5,0,0,33960,255,453
55,0,0,34111,251,430
109,0,0,34241,244,395
160,0,0,34386,245,385
212,0,0,34537,237,372
269,0,0,34661,236,350
319,0,0,34806,235,312
371,0,0,34949,228,298
427,0,0,35073,228,290
427,0,0,35126,243,294
371,0,0,35086,299,302
324,0,0,35043,368,326
288,0,0,34987,425,378
243,0,0,34957,485,419
202,0,0,34912,544,447
156,0,0,34872,606,479
122,0,0,34814,665,503
86,0,0,34775,725,531
81,0,0,34774,764,541
71,0,0,34822,824,524
55,0,0,34885,883,499
42,0,0,34946,937,481
31,0,0,34984,1000,470
19,0,0,35032,1055,444
8,0,0,35082,1107,434
0,0,0,35138,1171,415
0,0,0,35193,1231,394
0,0,0,35186,1230,390
21,0,0,35118,1160,411
48,0,0,35033,1098,417
68,0,0,34950,1025,429
96,0,0,34888,963,431
126,0,0,34804,897,450
152,0,0,34735,834,477
181,0,0,34656,766,489
205,0,0,34585,700,509
205,0,0,34562,655,511
181,0,0,34575,575,496
155,0,0,34590,501,478
126,0,0,34626,412,485
96,0,0,34659,333,494
68,0,0,34674,256,484
48,0,0,34701,181,468
23,0,0,34736,99,453
0,0,0,34743,19,450
7,0,0,34741,0,449
52,0,0,34687,0,451
114,0,0,34642,0,459
171,0,0,34590,1,459
232,0,0,34548,5,470
295,0,0,34490,7,476
352,0,0,34446,12,486
414,0,0,34395,14,490
476,0,0,34342,18,511
490,0,0,34362,42,499
480,0,0,34455,106,470
472,0,0,34528,168,443
460,0,0,34623,230,427
448,0,0,34714,297,420
438,0,0,34785,358,389
429,0,0,34874,423,373
423,0,0,34959,483,368
418,0,0,35040,551,357
432,0,0,35012,562,356
454,0,0,34848,533,367
486,0,0,34706,503,386
507,0,0,34555,474,411
532,0,0,34395,451,430
557,0,0,34242,416,464
586,0,0,34094,389,490
619,0,0,33945,361,517
644,0,0,33803,334,542
650,0,0,33854,326,544
625,0,0,34131,362,533
595,0,0,34454,400,512
570,0,0,34735,435,509
546,0,0,35049,480,500
517,0,0,35365,523,494
500,0,0,35666,569,457
477,0,0,35965,611,447
447,0,0,36254,651,450
433,0,0,36269,683,441
476,0,0,35901,719,427
526,0,0,35562,757,424
575,0,0,35222,801,412
619,0,0,34860,836,420
674,0,0,34509,873,417
726,0,0,34167,917,411
768,0,0,33836,957,413
824,0,0,33476,1008,399
855,0,0,33288,1016,401
873,0,0,33299,964,396
901,0,0,33322,931,395
924,0,0,33331,890,396
941,0,0,33349,853,429
974,0,0,33371,823,459
996,0,0,33387,786,464
1026,0,0,33412,751,490
1049,0,0,33428,716,509
1069,0,0,33561,679,524
1038,0,0,33867,641,525
1008,0,0,34173,603,520
988,0,0,34457,565,521
963,0,0,34739,531,556
942,0,0,35030,492,549
913,0,0,35342,454,552
888,0,0,35626,420,565
869,0,0,35911,395,582
886,0,0,36067,381,586
1041,0,0,36059,340,551
1222,0,0,36050,296,531
1392,0,0,36036,260,526
1557,0,0,36013,230,526
1720,0,0,35988,192,507
1880,0,0,35978,156,513
2061,0,0,35953,127,511
2230,0,0,35942,96,495
2319,0,0,35935,95,482
2260,0,0,35901,102,455
2210,0,0,35888,106,433
2151,0,0,35850,121,446
2096,0,0,35837,134,445
2049,0,0,35818,139,440
1996,0,0,35791,146,422
1936,0,0,35760,156,408
1886,0,0,35739,174,415
1818,0,0,35723,191,413
1604,0,0,35747,235,414
1391,0,0,35778,289,428
1163,0,0,35787,343,433
953,0,0,35794,391,439
745,0,0,35817,445,442
531,0,0,35852,504,455
327,0,0,35870,551,457
94,0,0,35877,609,455
37,0,0,35842,629,460
158,0,0,35717,619,468
282,0,0,35590,619,458
398,0,0,35468,623,465
528,0,0,35334,617,455
651,0,0,35208,617,457
770,0,0,35080,612,458
892,0,0,34964,614,461
1020,0,0,34833,612,466
1124,0,0,34808,642,476
1236,0,0,34969,735,469
1355,0,0,35109,837,473
1461,0,0,35248,942,494
1582,0,0,35399,1049,499
1698,0,0,35560,1152,515
1807,0,0,35708,1253,529
1922,0,0,35835,1351,538
2034,0,0,35974,1456,552
2013,0,0,35997,1476,557
1851,0,0,35801,1301,533
1696,0,0,35622,1126,525
1548,0,0,35444,950,515
1394,0,0,35251,778,498
1235,0,0,35055,593,488
1070,0,0,34862,420,471
934,0,0,34678,248,470
775,0,0,34489,73,467
667,0,0,34587,28,457
618,0,0,35079,127,469
572,0,0,35584,231,480
520,0,0,36084,337,481
472,0,0,36597,443,484
416,0,0,37134,555,493
370,0,0,37621,661,497
320,0,0,38124,768,511
280,0,0,38639,870,523
311,0,0,38809,902,530
493,0,0,38386,789,540
678,0,0,37985,684,551
850,0,0,37575,580,569
1025,0,0,37199,472,590
1214,0,0,36765,361,600
1394,0,0,36356,255,619
1567,0,0,35980,150,642
1750,0,0,35565,48,661
1796,0,0,35382,0,668
1577,0,0,35550,18,607
1379,0,0,35717,38,572
1177,0,0,35889,58,545
983,0,0,36041,80,506
788,0,0,36207,102,472
584,0,0,36376,123,457
388,0,0,36539,143,411
207,0,0,36706,165,364
106,0,0,36746,172,338
115,0,0,36592,157,347
137,0,0,36426,152,356
161,0,0,36280,146,361
181,0,0,36120,144,380
208,0,0,35964,135,398
236,0,0,35791,131,412
254,0,0,35652,131,434
295,0,0,35469,122,452
306,0,0,35408,137,462
266,0,0,35499,221,471
225,0,0,35583,317,471
191,0,0,35663,406,484
150,0,0,35739,502,502
114,0,0,35823,592,517
72,0,0,35906,688,530
37,0,0,35997,789,544
1,0,0,36085,877,568
0,0,0,36172,928,571
0,0,0,36235,884,546
3,0,0,36332,839,548
9,0,0,36428,789,547
14,0,0,36499,742,550
20,0,0,36581,700,534
26,0,0,36662,654,530
32,0,0,36751,610,530
37,0,0,36828,566,544
41,0,0,36951,534,530
82,0,0,37120,505,533
121,0,0,37303,477,524
165,0,0,37483,447,535
203,0,0,37656,421,541
245,0,0,37828,393,538
287,0,0,37984,364,543
324,0,0,38174,341,546
372,0,0,38348,311,575
386,0,0,38356,286,576
401,0,0,38048,250,556
423,0,0,37752,218,563
469,0,0,37455,192,556
507,0,0,37136,160,559
544,0,0,36832,131,564
592,0,0,36532,100,524
625,0,0,36221,75,535
669,0,0,35890,48,531
673,0,0,35774,51,540
626,0,0,35962,89,541
569,0,0,36145,126,540
504,0,0,36348,167,529
458,0,0,36539,208,523
418,0,0,36738,245,525
362,0,0,36936,285,524
322,0,0,37114,326,527
281,0,0,37316,369,536
288,0,0,37369,403,535
287,0,0,37167,454,522
284,0,0,36965,518,510
291,0,0,36762,574,510
289,0,0,36561,634,493
292,0,0,36353,695,491
289,0,0,36147,759,494
289,0,0,35934,823,488
299,0,0,35740,879,484
306,0,0,35594,888,474
350,0,0,35568,784,467
398,0,0,35535,679,461
450,0,0,35506,573,465
500,0,0,35473,467,456
550,0,0,35446,354,462
598,0,0,35424,248,440
648,0,0,35405,146,445
703,0,0,35370,42,451
737,0,0,35471,0,451
788,0,0,35891,0,441
853,0,0,36297,0,435
911,0,0,36693,0,430
975,0,0,37092,1,426
1045,0,0,37502,5,434
1096,0,0,37922,7,423
1164,0,0,38334,12,418
1228,0,0,38733,13,422
1254,0,0,38871,17,434
1095,0,0,38356,31,444
955,0,0,37876,44,456
807,0,0,37393,58,483
662,0,0,36924,75,494
524,0,0,36437,96,511
372,0,0,35925,115,517
232,0,0,35451,135,537
95,0,0,34963,153,596
25,0,0,34670,160,607
27,0,0,34858,139,577
30,0,0,35050,117,540
32,0,0,35229,96,503
32,0,0,35411,78,476
36,0,0,35586,56,460
37,0,0,35776,38,442
37,0,0,35978,19,400
37,0,0,36170,3,392
49,0,0,36271,1,382
165,0,0,36154,39,380
303,0,0,36037,86,373
428,0,0,35941,124,376
557,0,0,35828,167,385
682,0,0,35727,205,396
808,0,0,35628,247,405
952,0,0,35492,290,416
1076,0,0,35380,333,426
1138,0,0,35361,347,449
1039,0,0,35526,307,446
951,0,0,35709,266,445
851,0,0,35893,224,437
759,0,0,36052,183,434
669,0,0,36218,142,445
573,0,0,36382,103,448
474,0,0,36564,57,435
392,0,0,36709,18,439
350,0,0,36810,0,446
384,0,0,36692,64,439
417,0,0,36575,141,438
467,0,0,36452,219,441
500,0,0,36338,291,447
538,0,0,36222,372,440
575,0,0,36105,445,437
611,0,0,35982,516,443
663,0,0,35861,601,454
677,0,0,35809,632,463
662,0,0,36014,582,465
650,0,0,36221,540,469
643,0,0,36419,499,455
621,0,0,36614,459,466
617,0,0,36802,412,479
607,0,0,37002,377,472
596,0,0,37190,339,467
589,0,0,37398,302,493
588,0,0,37510,285,502
568,0,0,37411,245,495
542,0,0,37307,206,498
524,0,0,37194,171,490
501,0,0,37087,135,499
478,0,0,36969,97,483
454,0,0,36875,67,482
435,0,0,36769,35,480
415,0,0,36638,5,487
408,0,0,36617,5,498
413,0,0,36759,83,496
416,0,0,36890,172,492
415,0,0,37037,264,486
420,0,0,37191,351,480
425,0,0,37316,451,471
424,0,0,37459,544,477
429,0,0,37604,631,458
427,0,0,37733,728,462
442,0,0,37863,786,463
417,0,0,37871,770,456
405,0,0,37913,758,453
391,0,0,37936,745,447
370,0,0,37968,738,460
364,0,0,37996,722,461
331,0,0,38027,709,462
317,0,0,38047,706,473
305,0,0,38081,705,489
294,0,0,38047,704,494
270,0,0,37757,616,487
257,0,0,37499,538,470
242,0,0,37215,457,478
227,0,0,36953,375,489
212,0,0,36685,297,487
201,0,0,36402,209,483
187,0,0,36129,130,505
172,0,0,35867,51,523
183,0,0,35650,0,516
261,0,0,35671,0,494
339,0,0,35669,0,485
421,0,0,35659,0,490
496,0,0,35669,0,464
574,0,0,35680,3,446
662,0,0,35680,5,424
739,0,0,35690,7,418
819,0,0,35690,10,419
872,0,0,35660,12,412
795,0,0,35554,9,418
721,0,0,35420,18,422
654,0,0,35307,23,433
587,0,0,35193,29,452
522,0,0,35072,38,466
448,0,0,34949,48,459
381,0,0,34811,57,483
315,0,0,34700,64,497
269,0,0,34618,71,509
260,0,0,34678,63,511
256,0,0,34747,53,520
253,0,0,34796,48,525
254,0,0,34869,45,525
250,0,0,34924,41,530
251,0,0,34988,35,552
242,0,0,35045,31,564
244,0,0,35107,28,570
258,0,0,35200,35,573
296,0,0,35400,99,539
344,0,0,35598,179,508
403,0,0,35819,267,498
460,0,0,36034,346,500
511,0,0,36231,423,481
568,0,0,36433,508,439
620,0,0,36628,589,418
677,0,0,36837,685,424
709,0,0,36961,743,413
645,0,0,36745,779,418
587,0,0,36551,831,397
529,0,0,36340,893,391
478,0,0,36130,954,394
419,0,0,35937,1002,403
364,0,0,35736,1063,396
306,0,0,35519,1118,396
253,0,0,35304,1175,394
244,0,0,35134,1218,398
285,0,0,35143,1079,402
345,0,0,35144,937,397
392,0,0,35135,793,400
448,0,0,35125,640,391
503,0,0,35130,499,368
554,0,0,35133,360,362
605,0,0,35118,215,362
663,0,0,35119,84,359
719,0,0,35135,0,363
749,0,0,35222,1,382
789,0,0,35305,12,388
825,0,0,35380,19,403
868,0,0,35458,30,420
910,0,0,35530,39,435
950,0,0,35600,48,461
988,0,0,35678,58,486
1028,0,0,35767,64,488
1052,0,0,35863,77,505
963,0,0,35938,84,503
883,0,0,36032,99,513
808,0,0,36108,116,535
735,0,0,36202,130,548
659,0,0,36302,144,537
578,0,0,36405,159,543
507,0,0,36473,172,550
436,0,0,36580,188,568
394,0,0,36647,213,579
465,0,0,36653,348,554
539,0,0,36655,503,541
616,0,0,36641,655,507
688,0,0,36641,817,469
767,0,0,36649,984,458
844,0,0,36669,1143,435
918,0,0,36665,1306,398
999,0,0,36661,1463,391
1069,0,0,36670,1581,390
1235,0,0,36811,1389,388
1389,0,0,36937,1208,385
1554,0,0,37055,1021,404
1723,0,0,37174,838,408
1881,0,0,37295,655,421
2063,0,0,37429,458,431
2224,0,0,37554,280,440
2396,0,0,37677,104,445
2505,0,0,37785,0,457
2206,0,0,37866,0,427
1917,0,0,37921,1,407
1633,0,0,37993,7,380
1355,0,0,38057,12,354
1072,0,0,38118,16,340
762,0,0,38183,21,321
479,0,0,38252,28,299
200,0,0,38312,32,286
0,0,0,38345,34,278
148,0,0,38205,95,285
312,0,0,38054,186,309
460,0,0,37908,266,342
612,0,0,37769,353,346
763,0,0,37630,432,364
912,0,0,37485,515,404
1076,0,0,37327,604,420
1230,0,0,37187,691,432
1338,0,0,37097,752,464
1203,0,0,37237,731,475
1066,0,0,37399,710,497
937,0,0,37580,685,511
811,0,0,37729,667,532
685,0,0,37888,644,527
558,0,0,38048,624,529
430,0,0,38195,604,548
303,0,0,38378,589,583
216,0,0,38484,589,602
213,0,0,38401,554,590
235,0,0,38308,530,585
250,0,0,38221,507,551
271,0,0,38132,488,542
288,0,0,38045,470,538
313,0,0,37977,451,521
327,0,0,37871,429,510
354,0,0,37779,414,514
376,0,0,37676,404,502
471,0,0,37519,400,502
580,0,0,37332,411,489
712,0,0,37148,415,490
821,0,0,36981,425,486
952,0,0,36822,429,491
1067,0,0,36643,434,493
1193,0,0,36464,441,496
1323,0,0,36292,454,491
1418,0,0,36183,472,488
1258,0,0,36449,433,491
1122,0,0,36725,396,478
984,0,0,37007,358,470
838,0,0,37292,321,479
697,0,0,37579,297,466
563,0,0,37851,265,460
423,0,0,38103,234,452
281,0,0,38401,203,450
204,0,0,38661,194,445
310,0,0,38703,179,437
436,0,0,38722,176,436
564,0,0,38756,176,451
699,0,0,38792,170,466
832,0,0,38811,165,467
953,0,0,38837,167,476
1078,0,0,38847,173,487
1217,0,0,38896,172,504
1331,0,0,38897,169,521
1304,0,0,38642,154,516
1290,0,0,38392,146,508
1276,0,0,38138,135,500
1263,0,0,37896,128,499
1245,0,0,37623,121,495
1238,0,0,37371,108,497
1216,0,0,37117,106,491
1214,0,0,36878,101,493
1241,0,0,36619,106,488
1188,0,0,36609,271,510
1142,0,0,36565,459,517
1098,0,0,36537,642,528
1064,0,0,36510,830,544
1025,0,0,36468,1021,552
975,0,0,36430,1217,571
940,0,0,36406,1403,594
900,0,0,36376,1589,612
871,0,0,36356,1761,615
817,0,0,36506,1604,607
770,0,0,36623,1452,586
717,0,0,36751,1307,591
660,0,0,36885,1161,570
612,0,0,37024,1016,555
555,0,0,37173,863,540
507,0,0,37304,719,539
455,0,0,37438,572,533
416,0,0,37548,466,531
366,0,0,37337,416,521
314,0,0,37120,359,520
271,0,0,36910,311,512
217,0,0,36711,265,512
170,0,0,36493,218,509
118,0,0,36283,162,500
67,0,0,36071,121,500
23,0,0,35875,70,482
0,0,0,35696,35,476
8,0,0,35824,33,469
26,0,0,35947,39,480
48,0,0,36065,44,475
64,0,0,36206,50,461
83,0,0,36329,60,450
103,0,0,36448,62,447
118,0,0,36582,68,440
139,0,0,36720,82,422
153,0,0,36845,91,421
165,0,0,36920,80,418
182,0,0,37003,64,420
200,0,0,37090,57,410
223,0,0,37173,48,423
244,0,0,37246,34,418
257,0,0,37331,25,427
282,0,0,37399,12,435
303,0,0,37480,0,446
330,0,0,37573,0,451
291,0,0,37633,25,467
252,0,0,37699,62,458
214,0,0,37766,108,483
181,0,0,37828,149,506
138,0,0,37894,197,514
101,0,0,37936,234,528
63,0,0,38004,275,541
21,0,0,38067,323,557
0,0,0,38127,360,577
37,0,0,38086,322,562
86,0,0,38046,300,557
136,0,0,38000,283,521
183,0,0,37964,265,510
230,0,0,37916,253,499
281,0,0,37881,234,485
326,0,0,37844,227,487
374,0,0,37807,214,473
415,0,0,37761,217,471
371,0,223,37680,262,467
321,0,445,37613,305,473
279,0,665,37560,343,499
225,0,905,37483,395,504
181,0,1127,37424,439,516
128,0,1349,37360,482,543
82,0,1573,37289,524,546
34,0,1795,37225,576,558
0,0,2001,37169,637,556
49,0,1781,37198,563,573
116,0,1558,37241,492,550
182,0,1333,37272,422,536
261,0,1096,37319,346,538
325,0,874,37354,276,511
391,0,647,37398,203,515
463,0,429,37443,130,505
538,0,205,37479,59,505
591,0,0,37505,0,508
586,0,0,37547,0,486
596,0,0,37575,0,468
603,0,0,37597,0,443
614,0,0,37633,0,439
628,0,0,37662,0,435
637,0,0,37685,0,439
649,0,0,37718,0,436
664,0,0,37746,0,441
697,0,0,37786,0,426
611,0,0,37940,69,424
532,0,0,38103,159,392
455,0,0,38275,249,403
377,0,0,38429,345,405
291,0,0,38612,440,392
212,0,0,38772,537,372
136,0,0,38952,630,384
57,0,0,39119,725,400
0,0,0,39283,816,405
1,0,0,38950,772,414
14,0,0,38622,767,436
26,0,0,38309,755,477
38,0,0,37997,756,501
58,0,0,37688,744,544
72,0,0,37352,743,576
93,0,0,37042,730,605
106,0,0,36726,727,648
124,0,0,36438,752,684
148,0,0,36548,661,645
181,0,0,36700,571,618
218,0,0,36839,487,589
253,0,0,36964,396,558
289,0,0,37101,314,520
326,0,0,37251,219,509
361,0,0,37391,139,489
397,0,0,37517,52,476
447,0,0,37666,0,460
499,0,0,37709,0,435
600,0,0,37763,0,412
703,0,0,37815,0,409
795,0,0,37860,0,414
891,0,0,37914,0,400
988,0,0,37974,0,386
1090,0,0,38014,0,386
1190,0,0,38070,0,399
1305,0,0,38146,0,398
1236,0,0,38099,39,388
1198,0,0,38077,109,374
1160,0,0,38033,185,393
1129,0,0,38006,257,410
1083,0,0,37984,321,438
1061,0,0,37950,399,449
1016,0,0,37932,471,476
977,0,0,37907,544,488
988,0,0,37887,615,503
909,0,0,37749,575,499
865,0,0,37595,550,492
817,0,0,37452,530,491
757,0,0,37317,508,500
721,0,0,37179,497,521
670,0,0,37046,474,528
622,0,0,36897,460,537
569,0,0,36744,437,547
565,0,0,36619,450,560
496,0,0,36610,501,538
435,0,0,36617,594,519
366,0,0,36628,680,506
301,0,0,36623,783,502
233,0,0,36620,874,491
170,0,0,36628,960,474
107,0,0,36627,1058,468
38,0,0,36607,1163,446
0,0,0,36638,1279,442
82,0,0,36575,1144,424
205,0,0,36545,1016,432
335,0,0,36510,899,428
462,0,0,36465,773,428
584,0,0,36430,651,449
708,0,0,36400,530,453
832,0,0,36348,410,452
953,0,0,36319,298,461
1087,0,0,36297,204,472
1180,0,0,36416,251,444
1302,0,0,36536,318,422
1420,0,0,36677,384,403
1551,0,0,36821,457,391
1674,0,0,36958,527,380
1798,0,0,37075,593,362
1919,0,0,37218,662,345
2039,0,0,37355,728,326
2211,0,0,37499,812,319
2055,0,0,37253,778,323
1927,0,0,37011,770,342
1800,0,0,36770,773,350
1664,0,0,36523,771,356
1524,0,0,36270,764,370
1399,0,0,36029,767,400
1262,0,0,35794,761,421
1139,0,0,35547,758,442
1018,0,0,35289,765,466
921,0,0,35505,725,463
835,0,0,35724,687,445
759,0,0,35944,655,434
685,0,0,36170,616,438
585,0,0,36399,579,410
506,0,0,36606,542,407
427,0,0,36838,503,423
342,0,0,37058,467,402
286,0,0,37271,453,399
307,0,0,37283,408,400
353,0,0,37278,368,399
399,0,0,37267,331,397
447,0,0,37256,300,383
498,0,0,37257,257,387
560,0,0,37242,227,399
607,0,0,37226,184,393
660,0,0,37212,149,393
724,0,0,37200,131,392
650,0,0,37437,136,399
572,0,0,37700,168,420
498,0,0,37952,196,436
422,0,0,38201,218,469
341,0,0,38441,253,483
274,0,0,38710,282,505
199,0,0,38958,311,537
135,0,0,39207,342,563
89,0,0,39465,376,590
134,0,0,39462,344,584
203,0,0,39447,325,567
265,0,0,39416,301,562
330,0,0,39406,277,568
395,0,0,39388,251,555
457,0,0,39376,232,540
528,0,0,39353,211,547
589,0,0,39337,192,547
661,0,0,39310,190,547
625,0,0,39129,212,517
614,0,0,38923,257,492
606,0,0,38710,311,467
604,0,0,38505,369,459
600,0,0,38287,412,429
587,0,0,38096,464,417
586,0,0,37898,522,378
591,0,0,37684,575,358
583,0,0,37470,632,362
623,0,0,37512,606,359
657,0,0,37571,590,395
708,0,0,37637,561,402
764,0,0,37708,533,431
810,0,0,37755,516,449
856,0,0,37824,495,472
907,0,0,37883,475,496
970,0,0,37942,450,514
1037,0,0,38005,456,530
942,0,0,37866,425,512
824,0,0,37725,413,502
701,0,0,37572,395,509
580,0,0,37397,377,514
460,0,0,37253,371,484
344,0,0,37101,357,515
227,0,0,36950,346,485
106,0,0,36788,334,474
0,0,0,36636,333,486
22,0,0,36854,303,486
70,0,0,37095,287,483
130,0,0,37347,270,489
196,0,0,37603,250,502
256,0,0,37848,237,499
325,0,0,38086,227,489
385,0,0,38335,213,490
446,0,0,38573,200,501
517,0,0,38825,203,498
508,0,0,38830,191,496
495,0,0,38804,187,490
481,0,0,38786,176,493
464,0,0,38761,174,478
463,0,0,38730,170,487
442,0,0,38704,166,481
436,0,0,38671,168,478
424,0,0,38664,161,454
437,0,0,38630,178,465
402,0,0,38557,233,475
381,0,0,38463,339,489
360,0,0,38369,438,520
337,0,0,38267,539,533
320,0,0,38204,657,546
300,0,0,38102,751,554
278,0,0,38008,861,537
256,0,0,37922,964,580
238,0,0,37837,1079,612
216,0,0,37796,995,591
204,0,0,37752,918,579
193,0,0,37721,837,583
186,0,0,37686,749,564
172,0,0,37658,680,565
159,0,0,37614,595,563
155,0,0,37574,509,557
150,0,0,37541,434,543
158,0,0,37521,386,528
316,0,0,37737,440,503
507,0,0,37986,528,480
706,0,0,38247,602,463
908,0,0,38494,686,446
1102,0,0,38728,768,417
1311,0,0,39007,851,384
1505,0,0,39256,930,378
1714,0,0,39505,1015,370
1922,0,0,39749,1101,355
1885,0,0,39647,1031,356
1837,0,0,39494,934,356
1799,0,0,39328,851,356
1763,0,0,39162,761,348
1721,0,0,39021,672,347
1675,0,0,38835,575,342
1641,0,0,38672,489,369
1601,0,0,38516,399,375
1564,0,0,38353,331,378
1472,0,0,38260,320,388
1348,0,0,38173,339,393
1236,0,0,38107,349,384
1124,0,0,38031,365,392
1010,0,0,37936,385,401
902,0,0,37862,402,404
782,0,0,37787,413,404
669,0,0,37716,438,416
565,0,0,37626,459,425
650,0,0,37671,494,435
845,0,0,37742,547,440
1062,0,0,37818,612,459
1258,0,0,37887,671,482
1463,0,0,37954,726,504
1665,0,0,38023,792,514
1890,0,0,38076,850,541
2095,0,0,38159,919,560
2305,0,0,38219,988,579
2129,0,0,38017,919,574
1870,0,0,37789,821,554
1602,0,0,37515,717,544
1347,0,0,37279,618,533
1091,0,0,37035,532,525
839,0,0,36783,435,504
589,0,0,36544,342,502
317,0,0,36291,243,507
98,0,0,36038,176,496
89,0,0,36053,162,476
76,0,0,36127,142,448
64,0,0,36207,129,426
52,0,0,36282,113,404
37,0,0,36358,102,384
26,0,0,36429,86,356
14,0,0,36492,72,334
2,0,0,36581,60,317
0,0,0,36632,53,307
57,0,0,36787,84,309
130,0,0,36939,151,334
209,0,0,37093,219,354
290,0,0,37263,302,360
373,0,0,37400,368,383
444,0,0,37556,437,403
520,0,0,37705,508,426
598,0,0,37855,582,440
686,0,0,38007,659,472
664,0,0,37973,603,462
659,0,0,37915,527,461
652,0,0,37864,454,462
647,0,0,37795,371,463
650,0,0,37724,285,453
638,0,0,37662,211,453
634,0,0,37612,135,470
633,0,0,37542,64,455
629,0,0,37488,0,470
617,0,0,37335,36,437
597,0,0,37162,105,416
583,0,0,36996,171,405
571,0,0,36831,243,392
560,0,0,36658,316,379
541,0,0,36497,385,356
523,0,0,36322,453,339
512,0,0,36155,524,326
510,0,0,35986,592,316
490,0,0,36147,573,316
462,0,0,36391,543,314
455,0,0,36620,513,311
441,0,0,36861,487,304
427,0,0,37100,457,335
420,0,0,37371,429,356
407,0,0,37578,404,387
389,0,0,37825,374,408
379,0,0,38060,355,433
367,0,0,38278,355,428
340,0,0,38427,353,419
318,0,0,38604,357,402
292,0,0,38776,357,375
267,0,0,38946,358,359
237,0,0,39122,359,352
213,0,0,39300,363,343
195,0,0,39470,365,334
183,0,0,39640,372,344
218,0,0,39457,352,344
283,0,0,39156,333,357
350,0,0,38851,313,386
412,0,0,38570,296,415
475,0,0,38289,278,436
540,0,0,37991,257,466
606,0,0,37701,241,507
674,0,0,37408,222,537
740,0,0,37118,205,569
878,0,0,37201,248,555
1082,0,0,37374,317,534
1260,0,0,37540,378,519
1450,0,0,37717,447,506
1634,0,0,37880,513,485
1825,0,0,38051,575,477
2023,0,0,38227,646,465
2210,0,0,38397,711,448
2413,0,0,38568,780,445
2257,0,0,38378,728,439
1995,0,0,38119,639,432
1716,0,0,37829,539,439
1463,0,0,37552,452,435
1213,0,0,37268,360,435
961,0,0,36991,275,430
700,0,0,36726,183,432
436,0,0,36423,92,443
185,0,0,36157,5,459
156,0,0,36167,0,453
190,0,0,36245,1,446
233,0,0,36345,8,448
274,0,0,36412,16,452
309,0,0,36519,23,463
350,0,0,36597,28,471
387,0,0,36687,34,463
441,0,0,36779,43,467
491,0,0,36856,48,479
461,0,0,37002,58,458
403,0,0,37153,88,429
347,0,0,37301,124,419
282,0,0,37472,153,386
220,0,0,37633,192,381
166,0,0,37772,225,352
106,0,0,37933,255,322
42,0,0,38099,291,298
0,0,0,38250,339,292
65,0,0,38290,327,301
187,0,0,38310,322,320
313,0,0,38322,308,345
451,0,0,38340,301,383
582,0,0,38357,299,417
715,0,0,38371,292,440
844,0,0,38389,285,473
977,0,0,38394,285,513
1116,0,0,38435,288,549
1038,0,0,38469,269,540
909,0,0,38523,250,514
779,0,0,38574,226,505
649,0,0,38618,210,492
508,0,0,38670,184,471
374,0,0,38726,168,458
247,0,0,38776,150,436
124,0,0,38802,136,432
3,0,0,38872,118,426
0,0,0,38782,118,421
0,0,0,38683,129,414
0,0,0,38563,138,391
0,0,0,38453,150,399
0,0,0,38328,161,406
0,0,0,38213,174,407
0,0,0,38116,184,412
0,0,0,38004,193,418
0,0,0,37887,209,420
3,0,53,37697,197,416
21,0,145,37519,175,389
37,0,236,37346,151,397
60,0,327,37146,135,400
78,0,418,36964,112,408
97,0,515,36770,89,395
118,0,612,36580,76,383
138,0,697,36377,52,379
158,0,784,36190,38,387
171,0,741,36297,48,385
202,0,647,36492,93,374
232,0,561,36690,138,380
269,0,469,36904,184,383
293,0,378,37069,233,397
330,0,284,37291,276,393
358,0,193,37492,320,379
388,0,99,37685,373,393
426,0,8,37871,422,408
403,0,0,37830,433,400
351,0,0,37684,453,378
302,0,0,37543,473,369
251,0,0,37390,496,369
204,0,0,37250,524,372
151,0,0,37115,547,362
100,0,0,36963,570,371
50,0,0,36824,598,360
2,0,0,36682,631,366
36,0,0,36708,592,372
111,0,0,36794,532,380
183,0,0,36888,472,402
250,0,0,36958,416,416
324,0,0,37044,354,446
395,0,0,37128,296,458
476,0,0,37228,233,472
545,0,0,37311,175,488
620,0,0,37389,123,507
593,0,0,37502,133,507
517,0,0,37609,159,487
438,0,0,37726,192,472
366,0,0,37842,209,455
292,0,0,37950,240,441
220,0,0,38059,264,415
150,0,0,38178,300,397
75,0,0,38309,326,395
8,0,0,38392,359,381
0,0,0,38325,342,370
0,0,0,38178,316,357
0,0,0,38036,288,362
0,0,0,37894,258,360
0,0,0,37760,236,371
0,0,0,37622,210,364
0,0,0,37462,183,358
0,0,0,37331,157,354
0,0,0,37185,133,354
14,0,0,37265,146,364
54,0,7,37442,163,372
103,0,21,37623,182,382
149,0,35,37812,195,398
195,0,49,37996,210,412
243,0,64,38172,226,436
288,0,75,38355,244,440
337,0,91,38530,260,452
388,0,106,38717,279,480
476,0,100,38804,284,471
621,0,87,38829,324,462
777,0,73,38853,365,456
944,0,63,38867,415,449
1088,0,44,38895,448,455
1245,0,28,38922,497,449
1398,0,15,38946,542,445
1546,0,3,38970,582,449
1726,0,0,39002,634,470
1641,0,0,39087,599,468
1437,0,0,39199,527,449
1239,0,0,39308,456,462
1037,0,0,39428,389,499
822,0,0,39542,319,512
630,0,0,39673,253,520
429,0,0,39775,183,530
237,0,0,39898,120,550
41,0,0,40002,61,562
53,0,0,39781,81,551
144,0,0,39425,154,516
234,0,0,39054,222,504
326,0,0,38708,290,491
426,0,0,38313,367,481
515,0,0,37959,440,444
608,0,0,37597,513,441
701,0,0,37228,583,396
787,0,0,36872,664,388
820,0,0,36768,640,376
867,0,0,36804,580,373
918,0,0,36850,524,372
961,0,0,36895,477,387
1014,0,0,36924,419,374
1070,0,0,36951,361,367
1125,0,0,36988,299,394
1177,0,0,37035,249,394
1228,0,0,37069,193,407
1161,0,0,37025,204,400
1038,0,0,36943,240,406
922,0,0,36859,281,418
801,0,0,36792,315,423
689,0,0,36711,358,422
557,0,0,36609,399,428
436,0,0,36531,440,440
333,0,0,36475,480,450
216,0,0,36382,525,464
211,0,0,36461,501,455
256,0,0,36656,437,428
297,0,0,36808,374,413
337,0,0,36967,316,412
378,0,0,37151,262,392
421,0,0,37308,202,364
469,0,0,37476,138,348
509,0,0,37647,82,339
561,0,0,37818,24,341
617,0,0,37796,19,319
710,0,0,37659,23,303
810,0,0,37523,28,301
913,0,0,37399,35,323
1013,0,0,37262,40,342
1113,0,0,37130,50,343
1221,0,0,37005,57,349
1324,0,0,36868,64,365
1430,0,0,36744,78,381
1373,0,42,36949,81,386
1196,0,135,37346,92,390
1017,0,227,37791,106,396
850,0,315,38191,120,403
688,0,409,38602,133,413
517,0,498,39006,148,424
343,0,591,39414,159,443
180,0,683,39852,178,466
32,0,772,40259,198,488
12,0,746,40324,190,477
48,0,653,40210,183,444
86,0,561,40084,172,433
121,0,471,39979,164,416
158,0,380,39854,156,402
193,0,293,39738,145,392
230,0,202,39619,144,370
271,0,105,39488,133,337
306,0,14,39376,130,328
370,0,0,39393,124,333
485,0,0,39479,110,344
628,0,0,39550,94,350
767,0,0,39646,77,364
903,0,0,39740,61,381
1042,0,0,39818,45,408
1172,0,0,39891,28,426
1308,0,0,39982,12,458
1457,0,0,40063,0,474
1430,0,0,40043,10,472
1323,0,0,40015,47,457
1221,0,0,39969,92,433
1114,0,0,39899,139,415
1009,0,0,39848,181,399
909,0,0,39787,225,384
806,0,0,39731,268,366
703,0,0,39676,312,350
613,0,0,39604,358,331
589,0,0,39519,353,337
595,0,0,39399,329,335
596,0,0,39268,312,360
601,0,0,39144,294,366
605,0,0,39013,273,379
616,0,0,38895,250,390
615,0,0,38777,229,392
618,0,0,38656,219,406
623,0,0,38532,203,434
625,0,0,38545,194,441
623,0,0,38622,183,440
624,0,0,38724,176,451
629,0,0,38817,173,462
632,0,0,38909,170,461
636,0,0,39000,162,487
635,0,0,39089,157,503
643,0,0,39177,159,520
646,0,0,39267,152,529
617,0,0,39309,188,525
563,0,0,39300,247,499
515,0,0,39280,313,485
452,0,0,39275,386,488
401,0,0,39255,453,475
343,0,0,39239,521,454
291,0,0,39243,586,434
240,0,0,39241,649,434
192,0,0,39228,729,430
180,0,0,39385,726,417
151,0,0,39671,698,393
129,0,0,39958,673,383
108,0,0,40239,650,379
87,0,0,40509,632,377
65,0,0,40819,610,366
42,0,0,41105,584,358
27,0,0,41386,563,351
12,0,0,41679,541,368
12,0,0,41692,544,366
25,0,0,41498,566,348
48,0,0,41315,583,381
66,0,0,41130,606,411
90,0,0,40952,630,406
114,0,0,40776,657,426
146,0,0,40571,680,438
165,0,0,40399,706,454
196,0,0,40213,737,481
193,0,0,40179,724,480
162,0,0,40279,712,463
139,0,0,40357,691,467
112,0,0,40444,683,468
88,0,0,40524,670,481
63,0,0,40605,661,490
35,0,0,40694,643,478
11,0,0,40778,642,487
0,0,0,40870,652,498
25,0,0,40788,622,494
91,0,0,40565,556,469
175,0,3,40349,492,438
247,0,8,40136,425,414
323,0,15,39927,368,404
400,0,21,39701,306,396
476,0,28,39510,249,390
554,0,37,39291,182,374
637,0,44,39074,120,365
635,0,43,39039,113,347
580,0,35,39171,99,340
531,0,28,39306,83,349
482,0,21,39405,64,363
436,0,14,39538,53,374
391,0,8,39633,39,363
347,0,1,39754,25,353
292,0,0,39877,11,356
258,0,0,39999,0,368
236,0,1,40085,0,370
207,0,28,40109,0,365
184,0,63,40148,0,357
155,0,90,40186,0,360
134,0,120,40227,0,365
109,0,149,40249,0,362
84,0,181,40291,0,367
61,0,210,40325,0,386
35,0,242,40376,0,416
138,0,237,40471,0,416
417,0,207,40612,13,393
681,0,178,40737,35,374
969,0,145,40883,58,366
1253,0,115,41025,81,359
1524,0,87,41162,105,352
1785,0,63,41303,121,348
2064,0,26,41449,146,332
2367,0,0,41599,173,331
2331,0,0,41561,169,330
2052,0,0,41389,144,335
1791,0,0,41214,119,340
1529,0,0,41049,103,349
1244,0,0,40883,77,375
983,0,0,40722,57,390
715,0,0,40553,34,409
454,0,0,40389,12,421
192,0,0,40219,0,447
106,0,0,40283,12,452
89,0,0,40509,78,439
95,0,0,40749,147,434
107,0,0,40974,216,454
106,0,0,41244,290,449
115,0,0,41476,360,457
118,0,0,41726,432,453
124,0,0,41953,497,448
141,0,0,42178,563,438
145,0,2,42276,558,435
141,0,29,42222,493,442
137,0,55,42181,428,481
139,0,83,42126,362,491
137,0,110,42090,294,512
140,0,136,42036,227,513
140,0,168,41998,159,527
139,0,198,41948,92,544
155,0,220,41894,34,568
165,0,220,41902,26,567
198,0,196,41960,33,542
228,0,165,42010,42,509
262,0,135,42078,53,501
291,0,110,42119,61,480
325,0,79,42180,70,439
355,0,55,42238,81,451
390,0,27,42292,94,430
423,0,1,42356,107,422
430,0,0,42289,164,425
429,0,0,42075,316,435
424,0,0,41876,464,444
425,0,0,41683,614,442
426,0,0,41484,763,449
425,0,0,41267,911,483
424,0,0,41067,1069,487
422,0,0,40875,1217,500
424,0,0,40688,1367,525
405,0,0,40636,1367,516
354,0,0,40772,1207,493
304,0,0,40919,1033,475
252,0,0,41050,873,464
203,0,0,41191,711,445
152,0,0,41314,550,432
96,0,0,41457,375,424
48,0,0,41599,216,396
3,0,0,41725,57,388
12,0,0,41769,0,386
65,0,0,41683,21,386
129,0,0,41590,51,380
187,0,0,41496,80,371
249,0,0,41428,110,381
306,0,0,41336,137,372
371,0,0,41250,160,366
432,0,0,41154,197,364
495,0,0,41066,226,374
495,0,0,41053,226,373
432,0,0,41083,197,356
383,0,0,41103,164,345
328,0,0,41169,137,352
280,0,0,41207,110,347
228,0,0,41241,80,356
181,0,0,41276,51,352
128,0,0,41317,21,347
91,0,0,41342,0,348
79,0,63,41480,16,350
71,0,254,41712,76,370
72,0,451,41938,148,379
78,0,656,42190,223,388
90,0,851,42436,288,395
100,0,1037,42643,359,409
105,0,1236,42882,428,415
119,0,1427,43117,497,434
139,0,1635,43360,568,452
144,0,1635,43492,571,453
156,0,1454,43506,514,433
177,0,1288,43536,449,407
193,0,1118,43533,389,431
211,0,937,43589,321,420
225,0,765,43590,268,417
246,0,597,43616,208,422
270,0,425,43648,146,420
302,0,242,43676,86,434
302,0,179,43592,69,436
264,0,156,43406,103,442
227,0,135,43221,147,438
196,0,111,43028,195,421
162,0,86,42833,246,425
132,0,64,42659,292,440
100,0,42,42457,345,445
69,0,16,42287,395,441
36,0,0,42109,451,442
71,0,0,41994,453,446
211,0,0,41986,425,442
357,0,0,41979,392,438
499,0,0,41965,364,407
657,0,0,41963,342,403
796,0,0,41945,312,398
941,0,0,41937,286,384
1091,0,0,41921,267,375
1238,0,0,41924,253,388
1277,0,0,41908,247,384
1238,0,0,41894,240,372
1200,0,0,41866,231,369
1172,0,0,41845,220,375
1135,0,0,41817,217,394
1100,0,0,41811,205,405
1062,0,0,41784,197,396
1033,0,0,41760,199,397
996,0,0,41749,192,416
980,0,0,41716,195,418
928,0,15,41626,171,409
872,0,40,41545,146,396
821,0,63,41484,123,392
777,0,84,41400,99,394
722,0,109,41300,75,386
672,0,135,41241,48,389
624,0,155,41156,26,401
580,0,177,41083,3,415
549,0,181,41038,0,413
528,0,156,41060,0,395
514,0,135,41086,0,391
498,0,112,41100,0,391
478,0,87,41113,0,392
463,0,66,41136,0,360
444,0,42,41148,0,369
432,0,16,41161,0,376
418,0,0,41191,0,391
453,0,0,41129,0,401
604,0,0,40956,16,389
766,0,0,40772,42,410
927,0,0,40598,73,426
1091,0,0,40433,96,434
1244,0,0,40255,120,435
1408,0,0,40085,149,451
1564,0,0,39925,176,476
1730,0,0,39743,201,501
1757,0,0,39580,236,502
1614,0,21,39424,300,479
1475,0,49,39246,373,455
1342,0,75,39095,442,426
1212,0,105,38947,513,408
1081,0,135,38786,581,395
945,0,159,38638,651,382
803,0,190,38463,726,347
682,0,215,38325,804,352
621,0,219,38323,818,352
565,0,194,38519,723,357
506,0,165,38732,626,359
450,0,137,38956,523,365
400,0,109,39165,429,381
338,0,81,39367,331,402
282,0,54,39575,236,412
220,0,24,39798,132,436
170,0,0,40009,36,437
168,0,0,40273,1,428
235,0,0,40614,27,413
295,0,0,40962,53,385
365,0,0,41346,82,357
429,0,0,41683,109,345
491,0,0,42028,138,341
554,0,0,42370,162,314
619,0,0,42708,189,307
688,0,0,43093,219,304
702,0,12,43168,226,301
617,0,80,42924,228,287
536,0,149,42670,235,278
454,0,219,42422,247,280
371,0,297,42150,250,280
285,0,362,41880,259,291
204,0,433,41642,262,301
120,0,502,41401,270,311
32,0,577,41143,281,324
4,0,589,41044,281,341
37,0,515,41167,246,340
78,0,447,41288,210,361
117,0,377,41418,182,373
157,0,307,41552,143,380
194,0,235,41653,109,411
231,0,165,41809,77,424
272,0,95,41910,43,436
307,0,26,42025,12,470
352,0,0,42085,12,479
487,0,0,42015,64,468
617,0,0,41957,122,464
771,0,0,41895,180,466
906,0,0,41825,230,465
1052,0,0,41753,292,470
1194,0,0,41696,347,470
1332,0,0,41617,401,472
1482,0,0,41557,457,470
1501,0,15,41534,469,477
1322,0,93,41574,415,476
1152,0,169,41617,360,483
970,0,247,41677,303,473
788,0,319,41707,249,469
596,0,407,41752,188,459
425,0,483,41797,136,468
242,0,560,41855,79,474
65,0,632,41900,25,494
0,0,665,41911,0,496
0,0,663,41832,0,475
5,0,653,41766,0,469
14,0,644,41694,0,480
23,0,640,41646,0,475
34,0,630,41589,0,461
46,0,624,41518,0,452
55,0,615,41462,0,453
69,0,606,41400,0,458
71,0,599,41326,0,463
56,0,521,41272,12,451
49,0,451,41200,25,440
47,0,381,41132,39,436
41,0,312,41074,54,433
37,0,244,41007,65,428
31,0,171,40933,87,419
32,0,100,40874,103,413
37,0,31,40801,116,417
37,0,10,40772,119,418
66,0,88,40780,125,430
92,0,174,40791,137,454
121,0,253,40807,140,451
152,0,331,40800,148,472
181,0,411,40831,159,470
206,0,491,40852,167,488
234,0,575,40878,176,498
265,0,647,40881,184,520
280,0,672,40902,190,526
242,0,600,40945,170,507
205,0,511,40994,143,483
180,0,433,41038,120,473
143,0,355,41072,96,465
110,0,275,41127,76,456
76,0,196,41163,51,437
37,0,112,41206,27,421
9,0,33,41233,5,423
19,0,0,41269,0,419
164,0,33,41248,0,394
309,0,71,41245,0,392
468,0,112,41228,0,376
617,0,147,41211,0,377
769,0,187,41199,0,372
916,0,226,41190,0,370
1074,0,264,41170,0,373
1225,0,305,41151,0,386
1268,10,366,41262,0,382
1159,64,502,41612,0,361
1054,126,649,41955,0,336
948,189,799,42327,2,336
843,247,945,42671,5,340
750,304,1086,43026,9,330
652,362,1228,43387,12,321
551,422,1372,43723,16,314
451,482,1529,44084,19,322
398,498,1554,44301,19,335
347,441,1417,44176,50,325
291,385,1279,44087,81,321
247,327,1153,43972,119,326
192,264,1000,43844,154,345
138,207,866,43747,190,359
87,145,728,43625,223,363
41,88,595,43518,265,373
8,25,450,43424,308,390
3,0,461,43374,320,409
45,0,757,43492,319,397
86,0,1069,43612,323,387
125,0,1362,43715,331,400
176,0,1677,43851,342,399
215,0,1987,43961,350,403
256,0,2292,44054,354,408
298,0,2592,44180,365,405
341,0,2889,44284,372,407
356,0,3001,44391,370,415
327,0,2659,44443,352,437
309,0,2302,44490,347,456
282,0,1959,44568,335,482
261,0,1612,44620,336,507
238,0,1242,44698,326,528
220,0,894,44735,334,553
199,0,546,44816,322,582
180,0,195,44859,323,612
175,0,32,44855,337,631
219,0,168,44685,348,604
275,0,305,44519,351,603
333,0,441,44368,368,577
385,0,583,44212,382,571
448,0,732,44060,387,567
503,0,874,43885,396,561
565,0,1016,43725,412,545
622,0,1157,43560,428,549
651,0,1242,43510,437,534
596,0,1317,43752,393,504
552,0,1396,44002,375,480
503,0,1473,44230,347,475
467,0,1557,44466,317,458
429,0,1643,44712,291,437
383,0,1726,44946,272,418
348,0,1811,45175,243,396
305,0,1891,45432,223,389
304,0,1924,45581,217,408
377,0,1798,45558,196,401
445,0,1685,45520,176,422
519,0,1583,45482,159,459
603,0,1462,45457,143,474
674,0,1360,45421,123,488
757,0,1241,45391,105,525
825,0,1131,45370,88,542
897,0,1041,45336,78,576
941,0,997,45301,78,588
885,0,1147,45218,110,542
833,1,1308,45158,165,524
787,7,1454,45088,215,511
736,11,1611,45035,263,473
686,15,1760,44948,318,435
643,18,1905,44889,362,414
589,24,2068,44821,415,393
538,28,2232,44734,473,380
526,32,2311,44660,514,365
588,31,2373,44555,526,349
663,37,2456,44425,540,337
735,45,2537,44309,565,336
804,53,2611,44185,579,336
873,58,2684,44078,589,330
942,70,2759,43953,615,328
1020,77,2843,43837,633,313
1090,88,2921,43720,659,317
1121,95,2922,43670,675,324
1002,89,2686,43786,600,340
889,87,2456,43915,536,354
769,90,2213,44046,462,361
662,84,1973,44169,395,412
555,99,1756,44294,331,436
450,102,1527,44414,262,451
338,108,1305,44545,190,461
232,113,1069,44681,125,498
181,125,1062,44688,88,515
203,155,1647,44417,121,485
230,202,2246,44128,151,467
258,250,2867,43832,187,450
296,293,3468,43567,217,421
326,348,4052,43288,247,411
350,393,4638,43021,280,381
390,450,5228,42756,312,384
425,499,5858,42453,352,363
449,535,6179,42118,372,373
428,557,6021,41666,327,365
416,591,5870,41214,284,384
400,628,5750,40761,239,405
381,670,5597,40277,192,440
365,709,5464,39804,148,464
345,741,5333,39332,108,487
335,781,5201,38874,64,515
321,838,5046,38382,19,542
321,851,5339,37565,0,554
285,742,7059,35863,38,544
246,645,8797,34146,77,518
206,541,10538,32448,115,507
170,430,12391,30594,158,488
129,320,14131,28885,193,474
90,219,15866,27174,232,444
54,120,17599,25469,275,442
18,28,19342,23760,308,425
0,0,21175,21836,348,424
16,0,22919,19806,387,395
36,0,24670,17814,426,380
59,0,26429,15812,464,377
81,0,28176,13800,510,373
106,0,30037,11624,554,367
124,0,31807,9643,592,346
147,0,33555,7616,631,335
174,0,35300,5617,671,327
183,0,36486,3962,702,325
162,0,35788,3618,666,306
138,0,35085,3270,634,285
116,0,34370,2925,603,261
93,0,33677,2586,570,246
68,0,32939,2219,541,235
48,0,32244,1875,507,219
26,0,31542,1534,472,212
5,0,30846,1194,445,216
0,0,30487,1002,417,212
0,0,31499,973,366,192
0,0,32462,978,318,188
0,0,33402,978,269,180
0,0,34336,986,222,173
0,0,35278,976,174,168
0,0,36287,992,124,168
0,0,37255,1001,78,176
0,0,38184,1000,26,164
0,0,38835,1018,0,171
0,0,38441,988,0,151
0,0,38040,968,0,138
0,0,37666,951,0,130
0,0,37284,938,0,115
0,0,36899,927,0,103
0,0,36502,917,0,108
0,0,36112,901,0,101
0,0,35734,912,0,111
0,0,35477,942,0,112
0,0,35675,883,6,102
0,0,35903,867,19,120
0,0,36091,839,34,127
0,0,36314,804,48,142
0,0,36515,792,63,153
1,0,36723,769,76,170
3,0,36922,753,90,192
5,0,37145,744,106,212
5,0,37376,738,111,226
5,0,37697,698,96,206
2,0,38071,652,83,179
0,0,38408,612,65,180
0,0,38738,579,56,169
0,0,39061,553,40,175
0,0,39419,529,28,159
0,0,39797,489,14,149
0,0,40103,489,0,155
0,0,40272,505,0,161
0,0,39803,501,0,147
0,0,39328,535,0,135
0,0,38812,586,0,124
0,0,38336,632,0,132
0,0,37866,686,0,126
0,0,37374,731,0,122
0,0,36887,788,0,127
0,0,36388,860,0,147
0,0,35945,918,0,146
1,0,35646,954,0,127
13,0,35350,1007,0,110
23,0,35042,1067,0,114
33,0,34742,1121,0,107
48,0,34426,1173,3,104
55,0,34151,1243,5,105
64,0,33837,1308,7,117
78,0,33524,1386,10,133
89,0,33540,1422,12,142
150,0,34705,1308,26,128
211,0,35863,1214,47,120
275,0,37010,1120,69,113
335,0,38243,1032,92,113
402,0,39417,954,115,107
461,0,40569,875,139,117
525,0,41715,798,163,129
591,0,42876,726,186,148
639,0,43922,699,202,152
603,0,44231,624,181,130
568,0,44523,579,155,101
540,0,44826,542,129,76
502,0,45155,492,106,46
468,0,45451,471,80,25
434,0,45774,429,57,15
405,0,46050,403,33,18
370,0,46370,398,10,24
349,0,46608,424,0,29
321,0,46535,455,0,27
302,0,46451,519,0,22
282,0,46364,581,0,28
264,0,46303,644,0,42
249,0,46200,739,0,54
228,0,46136,808,0,71
207,0,46065,882,0,93
192,0,45973,957,0,112
184,0,45871,1025,0,122
162,0,45545,972,54,115
148,0,45234,950,109,108
136,0,44949,911,162,106
121,0,44627,875,219,122
108,0,44303,842,277,127
96,0,44010,827,333,126
83,0,43685,797,383,141
70,0,43405,783,440,156
75,0,43128,808,478,166
64,0,43028,960,553,151
53,0,42959,1123,621,139
47,0,42873,1302,685,145
39,0,42807,1479,760,125
35,0,42714,1681,828,107
28,0,42645,1872,907,83
23,0,42548,2067,979,97
21,0,42470,2254,1047,121
23,0,42392,2488,1103,140
51,0,42227,3363,968,120
94,0,42093,4199,842,127
148,0,41944,5051,718,129
194,0,41801,5888,593,120
245,0,41661,6746,468,129
296,0,41515,7631,331,137
342,0,41366,8491,212,131
399,0,41223,9342,84,153
443,0,40747,10240,0,169
508,0,38262,11485,18,149
600,0,35597,12837,43,129
692,0,33114,14091,64,119
779,0,30598,15364,92,111
863,0,28129,16632,117,116
965,0,25626,17871,142,114
1053,0,22956,19215,170,115
1142,0,20462,20467,192,125
1217,0,18174,21706,209,127
1253,0,16238,22832,186,106
1321,0,14167,24033,167,77
1390,0,12251,25170,148,62
1458,0,10327,26289,128,47
1524,0,8400,27399,112,12
1604,0,6463,28528,94,0
1678,0,4399,29725,72,0
1752,0,2474,30854,60,0
1823,0,994,31760,49,0
1606,174,990,31354,59,0
1405,403,999,30944,71,0
1177,674,1003,30520,89,0
967,911,1003,30120,113,0
749,1164,1014,29726,130,0
541,1408,1021,29322,148,0
335,1652,1022,28915,165,0
118,1920,1031,28490,194,0
1,2213,1060,28077,208,0
89,2781,940,27674,243,0
183,3374,821,27231,275,0
283,4001,690,26766,315,0
372,4591,575,26348,347,0
464,5195,453,25912,388,0
560,5793,333,25490,422,0
647,6377,214,25060,462,0
748,7021,85,24596,507,0
809,7544,0,24205,545,0
793,7730,45,24049,585,0
783,7902,98,23867,658,0
787,8097,151,23699,720,0
784,8291,212,23519,797,0
783,8480,265,23348,867,0
779,8679,317,23172,927,0
773,8865,374,22997,1006,0
779,9050,428,22836,1074,0
778,9260,472,22703,1132,0
737,9366,416,22805,1003,0
720,9501,362,22924,872,0
707,9632,307,23053,738,0
690,9778,249,23184,604,0
684,9901,195,23301,467,0
666,10034,144,23434,340,0
657,10181,87,23557,210,0
639,10317,33,23675,79,0
655,10448,0,23794,0,0
583,10563,0,23856,0,0
522,10668,0,23904,0,0
460,10788,0,23942,0,0
398,10901,0,24008,0,0
332,11028,0,24067,0,0
270,11148,0,24117,0,0
213,11253,0,24179,0,0
152,11385,0,24210,0,0
129,11491,0,24212,0,0
300,11555,0,23951,27,0
476,11607,0,23699,59,0
659,11665,0,23453,93,0
828,11722,0,23179,124,0
1020,11803,0,22894,162,0
1205,11863,0,22635,194,0
1371,11928,0,22366,226,0
1558,11977,0,22101,261,0
1727,12039,0,21875,291,0
1602,11973,0,22018,255,0
1522,11923,0,22155,221,0
1456,11872,0,22280,187,0
1372,11815,0,22424,155,0
1310,11766,0,22538,120,0
1228,11705,0,22684,87,0
1163,11655,0,22823,53,0
1089,11615,0,22938,19,0
1044,11563,0,23068,0,0
922,11605,0,22957,3,0
794,11635,0,22848,17,0
675,11689,0,22725,28,0
548,11721,0,22627,41,0
428,11761,0,22508,55,0
297,11811,0,22394,64,0
178,11842,0,22274,82,0
63,11873,0,22170,95,0
0,11917,0,22078,106,0
89,12041,223,22411,93,0
221,12161,463,22760,79,0
347,12289,683,23095,64,0
479,12390,905,23411,53,0
607,12502,1127,23754,39,0
732,12638,1349,24089,28,0
867,12769,1590,24444,15,0
996,12890,1812,24784,1,0
1106,12987,2001,25066,0,0
979,13021,1781,24939,38,0
851,13072,1558,24815,87,0
714,13112,1318,24663,139,0
583,13141,1096,24528,184,0
454,13170,874,24415,230,0
324,13209,647,24286,282,0
192,13257,412,24151,333,0
68,13290,192,24012,377,0
0,13336,0,23891,418,0
10,13363,0,23776,390,0
31,13404,0,23668,368,0
52,13451,0,23567,348,0
73,13485,0,23454,325,0
92,13527,0,23326,305,0
112,13560,0,23232,280,0
136,13603,0,23127,265,0
156,13639,0,22993,238,0
178,13681,0,22920,227,0
152,13719,0,23266,205,0
134,13764,0,23626,185,0
111,13794,0,23974,161,0
89,13829,0,24331,148,0
67,13846,0,24661,132,0
48,13900,0,25016,112,0
28,13950,0,25373,98,0
8,13969,0,25740,84,0
0,14001,0,26034,79,0
65,13841,0,25692,67,0
144,13682,0,25358,57,0
219,13498,0,25013,47,0
300,13326,0,24648,35,0
374,13160,0,24317,23,0
451,12986,0,23972,13,0
526,12819,0,23642,5,0
603,12658,0,23308,0,0
673,12489,0,22971,0,0
598,12513,0,23047,0,0
520,12541,0,23132,0,0
446,12562,0,23225,6,0
370,12584,0,23299,14,0
289,12626,0,23393,24,0
214,12643,0,23478,32,0
138,12663,0,23551,38,0
63,12688,0,23643,50,0
0,12717,0,23713,56,0
114,12720,68,23688,87,0
233,12724,146,23660,124,0
353,12715,227,23635,162,0
472,12712,307,23595,202,0
599,12703,390,23578,240,0
720,12709,471,23544,279,0
839,12704,550,23527,318,0
959,12712,626,23493,361,0
1076,12717,708,23478,402,0
985,12672,622,23454,372,0
917,12629,544,23440,347,0
848,12583,465,23432,324,0
773,12544,385,23414,305,0
701,12511,305,23403,284,0
632,12460,223,23392,261,0
561,12434,144,23368,244,0
490,12398,63,23372,225,0
434,12368,0,23361,222,0
379,12415,226,23268,227,0
333,12499,451,23189,249,0
287,12556,672,23123,263,0
242,12600,897,23040,281,0
198,12674,1117,22964,297,0
153,12746,1359,22886,316,0
107,12808,1582,22818,334,0
62,12868,1807,22752,356,0
32,12940,2029,22704,380,0
26,12848,1807,22544,340,0
26,12746,1566,22411,293,0
32,12653,1339,22282,250,0
37,12575,1117,22142,206,0
40,12478,897,22012,163,0
40,12382,656,21870,117,0
50,12291,433,21758,76,0
60,12194,206,21623,32,0
67,12121,0,21512,0,0
181,12188,0,21718,0,0
326,12271,0,21954,0,0
460,12354,0,22175,0,0
600,12422,0,22385,0,0
736,12505,0,22612,0,0
874,12578,0,22836,0,0
1021,12664,0,23081,0,0
1160,12737,0,23305,0,0
1308,12825,0,23533,0,0
1328,12859,0,23523,7,0
1401,12905,0,23543,32,0
1467,12940,0,23528,63,0
1555,12985,0,23541,89,0
1619,13023,0,23530,113,0
1693,13074,0,23549,138,0
1760,13106,0,23537,167,0
1846,13139,0,23547,198,0
1926,13199,0,23558,225,0
1825,13292,0,23319,198,0
1726,13397,0,23085,167,0
1630,13509,0,22863,138,0
1544,13625,0,22626,113,0
1458,13733,0,22393,89,0
1370,13834,0,22171,63,0
1282,13949,0,21926,33,0
1186,14048,0,21689,7,0
1121,14170,0,21476,0,0
1000,14039,0,21639,10,0
872,13922,0,21812,33,0
741,13800,0,21987,62,0
607,13660,0,22170,88,0
478,13544,0,22344,119,0
347,13424,0,22522,149,0
220,13313,0,22700,179,0
89,13188,0,22876,207,0
0,13061,0,23081,240,0
103,13102,0,23063,258,0
216,13134,0,23075,313,0
330,13164,0,23077,367,0
456,13201,0,23080,424,0
576,13212,0,23087,478,0
696,13255,0,23086,536,0
817,13277,0,23096,589,0
930,13317,0,23098,648,0
1057,13370,0,23120,724,0
1123,12369,0,23145,639,0
1227,11398,0,23201,559,0
1335,10406,0,23249,488,0
1447,9427,0,23303,407,0
1564,8375,0,23356,325,0
1675,7399,0,23394,252,0
1788,6421,0,23451,172,0
1900,5433,0,23498,102,0
2039,4506,0,23565,58,0
1862,3999,0,24015,76,0
1703,3499,0,24471,98,0
1540,2998,0,24916,130,0
1389,2498,0,25391,155,0
1211,1957,0,25871,191,0
1046,1456,0,26335,219,0
893,953,0,26789,245,0
742,458,0,27267,276,0
604,44,0,27711,308,0
589,34,0,27941,318,0
580,28,0,28145,363,0
574,25,0,28345,414,0
565,18,0,28539,456,0
556,12,0,28755,502,0
551,7,0,28967,557,0
540,1,0,29145,601,0
537,0,0,29342,649,0
535,0,0,29536,709,0
540,0,0,29564,715,0
540,0,0,29550,713,0
537,0,0,29557,703,0
537,0,0,29537,702,0
