Co,Si,Pt,O,Ni,Gd,Al
126,0,16333,0,399,0,0
131,0,16350,0,406,0,0
129,0,16350,0,406,0,0
135,0,16350,0,408,0,0
128,0,16359,0,405,0,0
121,0,16188,0,385,0,19
122,0,15973,0,383,0,69
125,0,15769,0,388,0,113
129,0,15548,0,398,0,161
130,0,15354,0,406,0,205
133,0,15129,0,410,0,254
137,0,14938,0,417,0,300
139,0,14715,0,428,0,345
146,0,14507,0,438,0,394
155,0,14410,0,457,0,405
180,0,14510,0,512,0,358
206,0,14629,0,573,0,311
237,0,14735,0,628,0,266
261,0,14843,0,694,0,218
293,0,14955,0,747,0,173
321,0,15060,0,810,0,126
348,0,15172,0,874,0,82
378,0,15278,0,933,0,34
420,0,15403,0,1011,0,0
381,0,15153,0,960,0,0
335,0,14839,0,907,0,0
289,0,14565,0,864,0,0
242,0,14268,0,806,0,0
191,0,13984,0,771,0,0
150,0,13690,0,720,0,0
106,0,13414,0,677,0,0
57,0,13106,0,637,0,0
14,0,12831,0,592,0,0
0,0,12719,0,562,0,0
0,0,12814,0,503,0,0
0,0,12937,0,441,0,0
0,0,13045,0,384,0,0
0,0,13150,0,328,0,0
0,0,13263,0,273,0,0
0,0,13362,0,218,0,0
0,0,13470,0,170,0,0
0,0,13585,0,117,0,0
0,0,13683,0,83,0,0
22,0,13854,0,75,0,0
59,0,14035,0,72,0,0
97,0,14226,0,73,0,0
132,0,14381,0,74,0,0
171,0,14580,0,68,0,0
208,0,14756,0,76,0,0
248,0,14932,0,83,0,0
284,0,15105,0,89,0,0
322,0,15294,0,95,0,0
326,0,15285,0,102,0,8
287,0,15016,0,105,0,52
251,0,14774,0,121,0,91
210,0,14514,0,135,0,145
171,0,14252,0,145,0,192
135,0,14024,0,165,0,237
97,0,13755,0,180,0,283
61,0,13512,0,199,0,329
22,0,13247,0,218,0,379
0,0,13018,0,244,0,422
32,0,13156,0,211,0,378
76,0,13260,0,183,0,340
120,0,13400,0,155,0,300
163,0,13538,0,126,0,273
211,0,13669,0,94,0,237
252,0,13792,0,65,0,208
301,0,13932,0,39,0,167
343,0,14047,0,15,0,140
391,0,14197,0,0,0,109
418,0,14193,0,0,0,114
463,0,14067,0,79,0,157
511,0,13958,0,164,0,200
560,0,13859,0,256,0,255
606,0,13746,0,347,0,302
657,0,13641,0,445,0,352
704,0,13525,0,544,0,400
754,0,13408,0,639,0,458
803,0,13304,0,730,0,510
860,0,13207,0,816,0,566
816,0,13139,0,724,0,514
783,0,13067,0,628,0,475
748,0,13033,0,552,0,437
706,0,12970,0,459,0,401
672,0,12898,0,372,0,360
636,0,12839,0,286,0,322
597,0,12790,0,198,0,282
570,0,12724,0,121,0,249
533,0,12676,0,56,0,224
540,0,12699,0,58,0,213
593,0,12780,0,93,0,185
641,0,12872,0,126,0,161
694,0,12970,0,166,0,132
742,0,13053,0,204,0,108
797,0,13148,0,246,0,83
845,0,13230,0,285,0,56
896,0,13331,0,317,0,30
948,0,13416,0,360,0,9
993,0,13492,0,394,0,6
893,0,13497,0,373,0,123
781,0,13504,0,368,0,252
680,0,13509,0,374,0,368
572,0,13516,0,365,0,501
476,0,13521,0,366,0,623
370,0,13522,0,368,0,748
270,0,13538,0,366,0,873
168,0,13538,0,364,0,1004
78,0,13555,0,377,0,1122
102,0,13562,0,354,0,1099
180,0,13588,0,333,0,1002
268,0,13624,0,321,0,907
350,0,13657,0,310,0,816
430,0,13690,0,296,0,720
519,0,13709,0,285,0,632
606,0,13746,0,271,0,536
688,0,13781,0,265,0,439
773,0,13806,0,260,0,348
829,0,13892,0,272,0,286
739,0,14345,0,267,0,249
639,0,14780,0,284,0,219
551,0,15198,0,288,0,187
453,0,15650,0,303,0,155
369,0,16042,0,315,0,122
272,0,16495,0,318,0,88
183,0,16900,0,330,0,56
84,0,17353,0,348,0,23
2,0,17768,0,371,0,0
4,0,18117,0,368,0,14
25,0,18419,0,388,0,52
48,0,18739,0,410,0,97
70,0,19025,0,432,0,133
95,0,19341,0,454,0,179
115,0,19631,0,482,0,222
142,0,19957,0,507,0,260
162,0,20242,0,526,0,305
185,0,20584,0,551,0,346
196,0,20832,0,571,0,375
176,0,21015,0,509,0,399
153,0,21186,0,452,0,423
128,0,21371,0,386,0,450
109,0,21533,0,329,0,476
82,0,21708,0,265,0,506
60,0,21899,0,206,0,527
36,0,22076,0,142,0,556
16,0,22239,0,87,0,581
0,0,22429,0,36,0,611
0,0,22324,0,62,0,570
0,0,22122,0,131,0,502
0,0,21948,0,204,0,436
0,0,21739,0,284,0,364
0,0,21542,0,369,0,296
0,0,21358,0,443,0,231
0,0,21163,0,525,0,161
0,0,20961,0,603,0,90
0,0,20781,0,685,0,27
11,0,20642,0,728,0,0
132,0,20653,0,724,0,0
250,0,20671,0,718,0,0
375,0,20688,0,718,0,0
490,0,20696,0,715,0,0
616,0,20711,0,712,0,0
732,0,20718,0,719,0,0
862,0,20734,0,713,0,0
980,0,20738,0,719,0,0
1107,0,20747,0,737,0,0
1050,0,20894,0,724,0,0
976,0,21098,0,729,0,0
913,0,21284,0,732,0,0
846,0,21485,0,746,0,0
780,0,21672,0,752,0,0
711,0,21861,0,770,0,0
649,0,22042,0,780,0,0
579,0,22236,0,798,0,0
519,0,22419,0,807,0,0
549,0,22377,0,786,0,0
713,0,21942,0,703,0,0
900,0,21451,0,622,0,0
1065,0,21023,0,541,0,0
1234,0,20543,0,447,0,0
1415,0,20110,0,364,0,0
1593,0,19638,0,279,0,0
1762,0,19202,0,205,0,0
1948,0,18741,0,131,0,0
2138,0,18248,0,97,0,0
2034,0,18228,0,166,0,0
1907,0,18248,0,297,0,0
1795,0,18269,0,420,0,0
1670,0,18281,0,557,0,0
1562,0,18302,0,686,0,0
1441,0,18336,0,813,0,0
1323,0,18343,0,944,0,0
1208,0,18359,0,1080,0,0
1094,0,18378,0,1214,0,0
1058,0,18506,0,1279,0,16
1110,0,18755,0,1264,0,81
1168,0,19031,0,1243,0,155
1234,0,19278,0,1230,0,226
1293,0,19558,0,1214,0,297
1352,0,19791,0,1201,0,364
1420,0,20068,0,1190,0,442
1472,0,20322,0,1174,0,512
1543,0,20595,0,1157,0,583
1614,0,20841,0,1172,0,655
1461,0,20645,0,1129,0,602
1297,0,20425,0,1119,0,555
1113,0,20208,0,1103,0,515
945,0,19994,0,1090,0,472
764,0,19757,0,1074,0,426
595,0,19550,0,1066,0,388
412,0,19312,0,1051,0,343
244,0,19100,0,1044,0,301
65,0,18876,0,1037,0,256
0,0,18829,0,1019,0,277
0,0,18983,0,962,0,350
6,0,19139,0,930,0,424
15,0,19283,0,907,0,495
21,0,19434,0,877,0,572
28,0,19568,0,846,0,638
36,0,19722,0,814,0,718
42,0,19877,0,800,0,785
51,0,20016,0,767,0,861
59,0,20185,0,762,0,929
211,0,19704,0,748,0,826
379,0,19277,0,748,0,727
563,0,18817,0,745,0,626
725,0,18382,0,751,0,524
908,0,17930,0,745,0,418
1078,0,17500,0,746,0,326
1259,0,17035,0,750,0,219
1429,0,16612,0,756,0,122
1619,0,16150,0,770,0,21
1646,0,15618,0,778,0,125
1587,0,14954,0,807,0,481
1533,0,14328,0,832,0,828
1477,0,13665,0,870,0,1188
1432,0,13041,0,897,0,1535
1371,0,12378,0,922,0,1903
1323,0,11771,0,960,0,2243
1268,0,11084,0,987,0,2610
1219,0,10469,0,1019,0,2949
1185,0,9827,0,1053,0,3282
1109,0,9596,0,983,0,3123
1038,0,9338,0,903,0,2948
973,0,9101,0,835,0,2788
906,0,8851,0,761,0,2615
846,0,8628,0,695,0,2453
778,0,8363,0,619,0,2284
707,0,8122,0,552,0,2106
645,0,7894,0,489,0,1948
579,0,7628,0,422,0,1788
542,0,7428,0,401,0,1667
485,0,7186,0,368,0,1521
436,0,6984,0,347,2,1391
384,0,6746,0,326,6,1252
336,0,6534,0,301,12,1117
290,0,6309,0,285,25,981
250,0,6095,0,263,33,848
203,0,5878,0,242,45,703
157,0,5645,0,230,51,575
129,0,5466,0,242,64,449
139,0,5414,0,280,62,438
152,0,5366,0,335,64,427
170,0,5309,0,380,77,421
181,0,5279,0,439,82,413
198,0,5230,0,487,90,405
212,0,5177,0,542,98,406
241,0,5137,0,596,109,394
264,0,5093,0,649,119,393
290,0,5058,0,706,145,400
305,0,4737,0,695,156,386
335,0,4260,0,669,188,346
374,0,3767,0,637,249,295
415,0,3301,0,612,328,252
451,0,2808,0,580,385,202
491,0,2343,0,553,441,159
530,0,1844,0,525,521,111
568,0,1381,0,501,573,69
605,0,870,0,477,642,22
631,0,579,0,457,714,0
569,0,533,0,458,766,0
495,0,497,0,480,848,0
420,0,465,0,494,910,0
348,0,432,0,525,971,0
283,0,399,0,548,1042,0
203,0,369,0,579,1112,0
135,0,332,0,602,1172,0
60,0,303,0,628,1241,0
1,0,284,0,659,1327,0
55,0,265,0,654,1348,58
146,0,266,0,643,1365,159
252,0,257,0,632,1377,264
348,0,256,0,628,1407,366
455,0,265,0,629,1424,472
552,0,254,0,625,1439,573
654,0,254,0,616,1458,680
750,0,254,0,616,1472,779
859,0,273,0,620,1489,885
911,0,301,0,642,1513,939
810,0,427,0,631,1590,831
717,0,544,0,634,1659,731
622,0,678,0,637,1728,627
532,0,803,0,643,1790,526
436,0,942,0,653,1854,418
345,0,1066,0,656,1927,319
246,0,1206,0,668,1990,210
161,0,1336,0,677,2053,110
73,0,1473,0,695,2122,9
75,0,1377,0,663,2201,0
105,0,1203,0,618,2285,11
137,0,1047,0,584,2357,21
172,0,870,0,546,2444,35
206,0,703,0,507,2532,48
238,0,546,0,471,2618,59
271,0,380,0,440,2690,76
296,0,222,0,409,2777,88
342,0,64,0,378,2858,100
379,0,0,0,376,2916,109
415,0,0,0,357,2921,179
449,0,0,0,346,2931,247
486,0,0,0,333,2932,309
521,0,0,0,323,2932,377
556,0,0,0,307,2943,447
590,0,0,0,301,2945,509
624,0,0,0,294,2948,582
660,0,0,0,292,2948,649
695,0,0,0,298,2961,727
648,0,0,0,285,2958,675
599,0,0,0,283,2945,591
557,0,0,0,277,2943,513
512,0,0,0,274,2940,431
463,0,0,0,275,2934,355
415,0,0,0,275,2924,267
370,0,0,0,276,2917,196
323,0,0,0,277,2919,111
278,0,0,0,281,2922,35
254,0,0,0,282,2908,0
223,0,0,0,259,2928,21
195,0,0,0,246,2956,52
167,0,0,0,234,2969,83
134,0,0,0,227,2987,111
109,0,0,0,222,3010,141
77,0,0,0,209,3011,170
46,0,0,0,210,3041,203
18,0,0,0,210,3057,229
0,0,0,0,227,3073,261
0,17,0,0,218,3161,237
0,46,0,0,212,3276,208
0,80,0,0,210,3367,175
0,116,0,0,216,3486,147
0,149,0,0,222,3588,118
0,184,0,0,224,3698,89
0,217,0,0,225,3794,59
0,253,0,0,233,3917,28
0,287,0,0,246,4004,6
0,292,0,0,249,4092,0
0,277,0,0,221,4120,0
0,255,0,0,191,4151,0
0,236,0,0,170,4169,0
0,219,0,0,141,4207,0
0,205,0,0,120,4227,0
0,186,0,0,100,4258,0
0,178,0,0,75,4292,0
0,162,0,0,61,4328,0
0,160,0,0,47,4351,0
0,144,0,0,41,4370,0
0,126,0,0,32,4378,0
0,106,0,0,30,4397,0
0,88,0,0,27,4407,0
0,68,0,0,27,4426,0
0,50,0,0,25,4432,0
0,36,0,0,27,4447,0
0,16,0,0,31,4459,0
0,0,0,0,36,4477,0
0,0,0,0,36,4487,16
0,18,0,0,31,4501,88
0,43,0,0,25,4513,161
0,70,0,0,20,4535,222
0,101,0,0,16,4540,296
0,127,0,0,10,4553,363
0,158,0,0,5,4568,438
0,188,0,0,0,4583,502
0,217,0,0,0,4590,576
0,245,0,0,0,4601,641
0,259,0,0,0,4640,568
0,280,0,0,0,4651,502
0,303,0,0,0,4678,435
0,322,0,0,0,4691,363
0,350,0,0,0,4712,292
0,371,0,0,0,4740,222
2,403,0,0,0,4765,154
4,426,0,0,0,4781,88
5,460,0,0,0,4804,16
5,464,0,0,0,4824,0
3,424,0,0,0,4834,0
1,392,0,0,0,4860,0
0,355,0,0,0,4869,0
0,325,0,0,2,4880,0
0,291,0,0,6,4894,0
0,264,0,0,8,4911,0
0,229,0,0,11,4933,0
0,201,0,0,17,4948,0
0,172,0,0,21,4950,0
0,153,0,0,17,4929,0
0,132,0,0,11,4898,0
0,110,0,0,7,4871,5
0,94,0,0,4,4835,8
0,75,0,0,6,4798,11
0,55,0,0,6,4768,16
0,42,0,0,9,4743,20
0,30,0,0,13,4707,23
0,19,0,0,15,4684,29
0,19,0,0,14,4681,26
0,19,0,0,23,4687,22
0,26,0,0,41,4697,18
0,32,0,0,62,4713,14
0,37,0,0,81,4716,10
0,44,0,0,101,4726,7
0,51,0,0,121,4744,3
0,58,0,0,143,4746,0
0,64,0,0,168,4759,0
0,68,0,0,183,4769,0
0,60,0,0,162,4769,0
0,50,0,0,137,4781,0
0,38,0,0,116,4800,0
0,30,0,0,95,4810,0
0,21,0,0,71,4818,0
0,11,0,0,51,4834,0
0,5,0,0,30,4852,0
0,0,0,0,8,4852,0
0,0,0,0,0,4860,0
0,0,0,0,0,4873,0
0,0,0,0,0,4873,0
0,0,0,0,12,4871,0
0,0,0,0,28,4865,0
0,0,0,0,37,4888,0
0,0,0,0,50,4881,0
0,0,0,0,63,4880,0
0,0,0,0,75,4893,0
0,0,0,0,86,4889,0
0,0,0,0,101,4891,0
0,0,0,0,95,4880,0
0,10,0,0,88,4865,0
0,18,0,0,81,4868,0
0,28,0,0,73,4857,0
0,37,0,0,68,4845,0
0,47,0,0,62,4836,0
0,56,0,0,57,4833,0
0,66,0,0,54,4823,0
0,72,0,0,54,4823,0
32,72,0,0,50,4824,0
89,62,0,0,42,4806,0
151,58,0,0,35,4813,0
210,51,0,0,28,4816,0
275,46,0,0,21,4811,0
332,41,0,0,15,4802,0
397,36,0,0,7,4806,0
454,34,0,0,0,4795,0
518,32,0,0,0,4797,0
548,34,0,0,0,4794,0
486,50,0,0,0,4807,0
429,70,0,0,2,4826,0
365,91,0,0,8,4834,0
304,114,0,0,16,4846,0
243,136,0,0,21,4857,0
183,157,0,0,28,4876,0
120,179,0,0,35,4881,0
63,204,0,0,43,4902,0
1,231,0,0,51,4910,0
0,217,0,0,45,4903,0
0,190,0,0,40,4888,0
0,164,0,0,31,4878,0
0,137,0,0,25,4861,0
0,111,0,0,19,4851,0
0,86,0,0,12,4847,0
0,57,0,0,9,4837,0
0,32,0,0,5,4815,0
0,7,0,0,7,4801,0
0,0,0,0,8,4792,14
0,8,0,0,11,4787,114
0,21,0,0,19,4776,211
0,35,0,0,29,4770,313
0,48,0,0,37,4764,407
0,65,0,0,46,4741,511
0,74,0,0,56,4743,609
0,99,0,0,64,4731,712
0,112,0,0,73,4724,804
0,130,0,0,83,4715,907
0,120,0,0,74,4713,842
0,102,0,0,72,4704,740
0,88,0,0,75,4701,643
0,69,0,0,79,4690,541
0,56,0,0,83,4688,447
0,40,0,0,87,4674,341
0,28,0,0,91,4687,245
0,12,0,0,96,4666,143
0,0,0,0,109,4658,49
0,0,0,0,114,4666,0
0,0,0,0,98,4686,0
0,0,0,0,80,4702,0
0,0,0,0,66,4720,0
0,0,0,0,48,4739,0
0,0,0,0,34,4755,0
0,0,0,0,22,4775,0
0,0,0,0,6,4793,0
0,2,0,0,0,4810,0
0,4,0,0,0,4828,0
0,2,0,0,3,4813,0
0,0,0,0,18,4784,0
0,0,0,0,37,4757,0
0,0,0,0,60,4730,0
0,0,0,0,79,4702,0
0,0,0,0,103,4676,0
0,0,0,0,118,4649,0
0,0,0,0,142,4622,0
0,0,0,0,162,4593,0
0,0,0,0,165,4586,0
0,0,0,0,149,4632,0
0,0,0,0,149,4672,0
0,0,0,0,147,4710,0
0,0,0,0,146,4735,0
0,0,0,0,143,4788,0
0,0,0,0,145,4819,0
0,0,0,0,146,4857,0
0,0,0,0,150,4899,0
0,0,0,0,168,4932,0
0,19,0,0,146,4934,0
0,49,0,0,128,4941,0
0,82,0,0,107,4947,0
0,114,0,0,84,4952,0
0,147,0,0,65,4939,0
0,179,0,0,47,4949,0
0,212,0,0,27,4953,0
0,242,0,0,8,4965,0
0,277,0,0,0,4969,0
0,277,0,0,4,4975,0
0,261,0,0,32,4997,0
0,247,0,0,62,5013,0
0,235,0,0,93,5035,0
0,223,0,0,123,5058,0
0,216,0,0,152,5080,0
0,205,0,0,182,5092,0
0,198,0,0,212,5113,0
0,188,0,0,246,5134,0
0,194,0,0,276,5153,0
0,175,0,3,261,5141,0
0,179,0,13,259,5121,0
0,182,0,25,266,5106,0
0,185,0,38,275,5090,0
0,192,0,50,282,5075,0
0,197,0,63,286,5059,0
0,204,0,78,296,5042,0
0,214,0,87,301,5029,0
0,230,0,101,313,5009,0
0,225,0,99,310,5010,0
0,195,0,99,339,4995,0
0,166,0,104,368,4993,0
0,140,0,107,401,4975,0
0,116,0,109,438,4980,0
0,85,0,111,468,4955,0
0,58,0,119,506,4953,0
0,30,0,121,544,4952,0
0,7,0,130,586,4935,0
0,0,0,141,646,4919,0
0,0,0,128,864,4870,0
0,0,0,107,1150,4809,0
0,0,0,92,1420,4748,0
0,0,0,73,1698,4700,0
0,0,0,58,1993,4641,0
0,0,0,42,2265,4595,0
0,2,0,27,2555,4530,0
0,4,0,10,2820,4470,0
0,6,0,0,3111,4406,0
0,6,0,0,3453,4327,0
6,4,0,0,3865,4218,0
18,2,0,0,4254,4100,0
30,0,0,0,4664,3990,0
41,0,0,0,5051,3882,0
50,0,0,0,5468,3771,0
65,0,0,0,5854,3662,0
79,0,0,0,6269,3556,0
88,0,0,0,6661,3450,0
109,0,0,0,7048,3312,0
550,0,0,5,7287,3096,0
1083,0,0,14,7538,2864,0
1582,0,0,29,7775,2646,0
2100,0,0,41,8018,2421,0
2600,0,0,54,8267,2210,0
3121,0,0,68,8518,1990,0
3629,0,0,81,8756,1765,0
4146,0,0,96,9017,1541,0
4635,0,0,109,9244,1319,0
5239,0,0,105,9426,1159,0
5856,0,2,101,9544,1053,0
6533,0,12,105,9676,918,0
7152,0,22,103,9796,814,0
7813,0,35,104,9915,684,0
8445,0,47,107,10041,562,0
9120,0,62,107,10163,440,0
9781,0,71,106,10299,322,0
10406,0,81,111,10422,211,0
11052,0,89,122,10501,159,0
11582,0,76,116,10444,142,0
12131,0,64,115,10394,118,0
12638,0,55,110,10331,98,0
13186,0,43,110,10268,76,0
13703,0,32,110,10210,55,0
14261,0,24,105,10158,36,0
14781,0,15,108,10097,11,0
15315,0,11,109,10032,0,0
15828,0,13,113,9987,0,0
16411,0,12,134,9876,0,0
16936,0,8,160,9768,0,0
17492,0,5,191,9651,0,0
18023,0,8,223,9536,0,0
18598,0,11,251,9421,0,0
19125,0,17,285,9310,0,0
19696,0,24,319,9191,0,0
20222,0,29,348,9092,0,0
20781,0,35,382,8965,0,0
21062,0,40,425,8886,0,0
20457,0,50,552,8903,0,0
19898,0,71,681,8935,0,0
19283,0,98,826,8951,0,0
18732,0,120,953,8972,0,0
18118,0,149,1101,9000,0,0
17555,0,177,1231,9019,0,0
16953,0,208,1376,9049,0,0
16393,0,240,1501,9067,0,0
15775,0,271,1649,9092,0,0
15764,0,251,1774,9232,0,0
15942,0,226,1922,9417,0,0
16106,0,219,2065,9595,0,0
16259,0,203,2202,9777,0,0
16422,0,185,2352,9953,0,0
16570,0,174,2485,10144,0,0
16744,0,173,2629,10326,0,0
16898,0,167,2763,10496,0,0
17067,0,169,2904,10683,0,0
17160,0,181,2981,10901,0,0
17130,0,234,2930,11283,0,0
17091,0,285,2885,11619,0,0
17051,0,351,2828,12006,0,0
17021,0,410,2783,12350,0,0
16982,0,473,2726,12722,0,0
16956,0,530,2677,13061,0,0
16914,0,595,2624,13434,0,0
16874,0,654,2573,13785,0,0
16844,0,715,2523,14163,0,0
16866,0,672,2627,14044,0,0
16892,0,662,2770,13849,0,0
16896,0,674,2903,13653,0,0
16923,0,678,3050,13457,0,0
16947,0,683,3185,13274,0,0
16953,0,684,3321,13078,0,0
16976,0,696,3456,12886,0,0
17006,0,703,3596,12681,0,0
17015,0,718,3724,12501,0,0
17082,0,745,3819,12359,0,0
17213,0,742,3807,12319,0,0
17338,0,770,3801,12288,0,0
17460,0,783,3791,12248,0,0
17603,0,805,3777,12219,0,0
17742,0,827,3766,12182,0,0
17859,0,850,3756,12149,0,0
17983,0,878,3749,12113,0,0
18120,0,910,3742,12080,0,0
18244,0,985,3729,12047,0,0
18054,0,900,3802,11981,0,0
17838,0,851,3893,11909,0,0
17619,0,814,3978,11844,0,0
17392,0,785,4068,11763,0,0
17176,0,743,4148,11695,0,0
16952,0,715,4239,11626,0,0
16734,0,681,4325,11558,0,0
16494,0,638,4414,11491,0,0
16286,0,612,4503,11414,0,0
16316,0,607,4538,11310,0,0
16662,0,549,4498,11145,0,0
17031,0,503,4448,10968,0,0
17382,0,452,4409,10804,0,0
17755,0,413,4366,10628,0,0
18095,0,366,4330,10464,0,0
18472,0,321,4290,10295,0,0
18816,0,266,4245,10122,0,0
19187,0,221,4203,9949,0,0
19535,0,225,4165,9786,0,0
19778,0,202,4179,10020,0,0
19984,0,191,4188,10266,0,0
20210,0,192,4200,10528,0,0
20431,0,185,4211,10770,0,0
20649,0,190,4229,11036,0,0
20860,0,182,4235,11285,0,0
21094,0,182,4256,11548,0,0
21298,0,183,4266,11792,0,0
21529,0,203,4286,12066,0,0
21519,0,216,4327,12221,0,0
21272,0,219,4404,12285,0,0
21016,0,233,4488,12357,0,0
20769,0,245,4557,12430,0,0
20520,0,261,4643,12499,0,0
20279,0,277,4717,12561,0,0
20021,0,295,4793,12632,0,0
19778,0,306,4869,12698,0,0
19528,0,325,4945,12772,0,0
19297,0,348,5021,12841,0,0
19090,0,306,5026,12762,0,0
18930,0,265,5026,12678,0,0
18741,0,223,5027,12609,0,0
18567,0,180,5025,12542,0,0
18380,0,140,5029,12461,0,0
18204,0,101,5029,12392,0,0
18033,0,60,5031,12311,0,0
17853,0,25,5030,12252,0,0
17677,0,0,5033,12170,0,0
17305,0,0,4981,12122,0,0
16755,0,46,4882,12094,0,0
16234,0,107,4786,12052,0,0
15670,0,171,4690,12002,0,0
15156,0,228,4591,11974,0,0
14601,0,290,4500,11944,0,0
14070,0,344,4406,11909,0,0
13515,0,410,4309,11879,0,0
12994,0,465,4205,11839,0,0
12528,0,520,4119,11809,0,0
13140,0,468,4178,11797,0,0
13808,0,427,4241,11783,0,0
14461,0,388,4304,11784,0,0
15075,0,362,4356,11769,0,0
15749,0,321,4417,11758,0,0
16364,0,297,4475,11756,0,0
17024,0,264,4536,11736,0,0
17643,0,230,4590,11737,0,0
18303,0,221,4652,11721,0,0
18488,0,213,4703,11769,0,0
18410,0,190,4756,11857,0,0
18351,0,170,4815,11936,0,0
18265,0,153,4877,12014,0,0
18202,0,138,4925,12094,0,0
18121,0,128,4978,12176,0,0
18057,0,113,5035,12260,0,0
17986,0,97,5098,12335,0,0
17907,0,94,5146,12428,0,0
17819,0,103,5178,12491,0,0
17685,0,90,5081,12452,0,0
17532,0,76,4977,12429,0,0
17384,0,63,4885,12391,0,0
17241,0,50,4780,12362,0,0
17100,0,40,4682,12334,0,0
16952,0,31,4579,12304,0,0
16809,0,24,4483,12276,0,0
16668,0,17,4377,12247,0,0
16521,0,21,4283,12212,0,0
16511,0,40,4243,12133,0,0
16556,0,90,4241,12064,0,0
16632,0,160,4240,11971,0,0
16683,0,225,4237,11879,0,0
16737,0,303,4246,11797,0,0
16800,0,374,4232,11699,0,0
16854,0,459,4230,11609,0,0
16912,0,532,4228,11519,0,0
16989,0,601,4223,11431,0,0
16962,0,655,4223,11389,0,0
16640,0,608,4164,11548,0,0
16272,0,555,4107,11710,0,0
15949,0,510,4055,11859,0,0
15600,0,458,4003,12028,0,0
15267,0,419,3958,12178,0,0
14913,0,371,3898,12345,0,0
14578,0,328,3849,12490,0,0
14240,0,293,3792,12665,0,0
13904,0,260,3738,12814,0,0
14209,0,252,3813,12938,0,0
14723,0,250,3926,13018,0,0
15271,0,261,4043,13118,0,0
15786,0,267,4157,13206,0,0
16332,0,269,4278,13303,0,0
16862,0,276,4386,13391,0,0
17411,0,278,4506,13496,0,0
17923,0,291,4616,13571,0,0
18477,0,293,4734,13678,0,0
18841,0,296,4816,13656,0,0
18721,0,275,4787,13226,0,0
18595,0,267,4763,12832,0,0
18471,0,262,4735,12415,0,0
18357,0,270,4704,12019,0,0
18221,0,269,4672,11590,0,0
18107,0,270,4650,11200,0,0
17986,0,267,4624,10772,0,0
17864,0,270,4590,10381,0,0
17737,0,292,4564,9951,0,0
17226,0,270,4581,10136,0,0
16669,0,233,4618,10455,0,0
16054,0,201,4655,10798,0,0
15493,0,165,4693,11122,0,0
14879,0,132,4726,11484,0,0
14323,0,102,4760,11804,0,0
13712,0,71,4796,12149,0,0
13147,0,42,4832,12474,0,0
12535,0,24,4868,12818,0,0
12327,0,26,4865,13033,0,0
12911,0,50,4764,12944,0,0
13475,0,85,4672,12886,0,0
14077,0,128,4568,12793,0,0
14637,0,173,4476,12716,0,0
15250,0,223,4377,12649,0,0
15807,0,267,4282,12580,0,0
16414,0,326,4183,12492,0,0
16968,0,378,4087,12425,0,0
17574,0,432,3989,12347,0,0
17556,0,405,4059,12119,0,0
17436,0,385,4168,11851,0,0
17324,0,369,4264,11600,0,0
17196,0,356,4377,11313,0,0
17085,0,338,4476,11059,0,0
16959,0,314,4581,10786,0,0
16833,0,301,4684,10530,0,0
16710,0,294,4796,10261,0,0
16605,0,295,4891,10007,0,0
16523,0,287,4942,9932,0,0
16525,0,294,4888,10216,0,0
16520,0,302,4831,10517,0,0
16506,0,310,4775,10797,0,0
16504,0,329,4720,11097,0,0
16515,0,332,4667,11398,0,0
16513,0,341,4610,11673,0,0
16501,0,350,4557,11972,0,0
16504,0,368,4500,12244,0,0
16504,0,416,4438,12555,0,0
16764,0,398,4467,12379,0,0
17063,0,434,4513,12158,0,0
17338,0,491,4550,11962,0,0
17639,0,548,4582,11734,0,0
17917,0,609,4623,11535,0,0
18215,0,666,4663,11318,0,0
18491,0,723,4700,11107,0,0
18790,0,783,4738,10885,0,0
19073,0,832,4777,10687,0,0
19030,0,853,4790,10599,0,0
18558,0,763,4779,10697,0,0
18041,0,684,4755,10793,0,0
17593,0,604,4738,10888,0,0
17090,0,520,4726,10996,0,0
16618,0,439,4712,11077,0,0
16112,0,366,4701,11180,0,0
15640,0,288,4676,11280,0,0
15150,0,202,4668,11380,0,0
14671,0,179,4645,11472,0,0
14823,0,189,4696,11623,0,0
15004,0,212,4748,11785,0,0
15201,0,243,4800,11941,0,0
15395,0,280,4844,12084,0,0
15583,0,322,4905,12247,0,0
15779,0,355,4944,12383,0,0
15976,0,392,5004,12544,0,0
16175,0,432,5052,12717,0,0
16360,0,472,5103,12852,0,0
16434,0,472,5037,12974,0,0
16415,0,449,4861,13040,0,0
16390,0,442,4682,13110,0,0
16356,0,434,4505,13176,0,0
16335,0,411,4325,13247,0,0
16314,0,407,4148,13319,0,0
16293,0,395,3962,13385,0,0
16269,0,388,3796,13463,0,0
16236,0,391,3609,13528,0,0
16225,0,419,3444,13604,0,0
16312,0,379,3488,13397,0,0
16421,0,369,3538,13199,0,0
16518,0,369,3595,13005,0,0
16614,0,370,3646,12822,0,0
16729,0,377,3697,12615,0,0
16831,0,381,3736,12430,0,0
16920,0,391,3798,12231,0,0
17019,0,390,3841,12041,0,0
17128,0,410,3895,11840,0,0
17121,0,431,3944,11750,0,0
17033,0,495,3998,11738,0,0
16937,0,604,4043,11746,0,0
16852,0,724,4094,11742,0,0
16769,0,842,4142,11737,0,0
16670,0,972,4193,11732,0,0
16589,0,1092,4242,11728,0,0
16495,0,1210,4289,11730,0,0
16413,0,1317,4335,11718,0,0
16353,0,1451,4384,11714,0,0
16699,0,1291,4376,11595,0,0
17097,0,1141,4373,11456,0,0
17484,0,993,4360,11319,0,0
17835,0,838,4357,11195,0,0
18223,0,670,4348,11057,0,0
18591,0,523,4340,10939,0,0
18960,0,372,4332,10797,0,0
19327,0,221,4321,10673,0,0
19710,0,122,4318,10545,0,0
19574,0,123,4345,10572,0,0
19091,0,130,4401,10730,0,0
18618,0,154,4447,10858,0,0
18133,0,173,4499,11006,0,0
17680,0,204,4558,11135,0,0
17185,0,231,4605,11285,0,0
16742,0,259,4654,11421,0,0
16246,0,285,4715,11568,0,0
15791,0,316,4759,11694,0,0
15496,0,342,4785,11785,0,0
16323,0,350,4698,11543,0,0
17200,0,352,4601,11263,0,0
18036,0,369,4505,11014,0,0
18935,0,381,4403,10755,0,0
19754,0,381,4317,10506,0,0
20656,0,398,4217,10230,0,0
21476,0,406,4122,9987,0,0
22351,0,420,4027,9719,0,0
23204,0,461,3941,9472,0,0
22997,0,440,3982,9485,0,0
22254,0,427,4099,9651,0,0
21449,0,419,4235,9811,0,0
20701,0,410,4346,9990,0,0
19899,0,397,4470,10157,0,0
19091,0,390,4609,10334,0,0
18354,0,379,4726,10487,0,0
17541,0,371,4851,10657,0,0
16792,0,366,4968,10829,0,0
16097,0,365,5086,10960,0,0
15864,0,355,5167,10965,0,0
15591,0,366,5247,10963,0,0
15339,0,377,5327,10959,0,0
15079,0,388,5409,10956,0,0
14828,0,399,5488,10955,0,0
14571,0,407,5568,10960,0,0
14322,0,423,5645,10965,0,0
14048,0,431,5733,10962,0,0
13815,0,466,5806,10960,0,0
13873,0,479,5790,11123,0,0
14049,0,526,5756,11325,0,0
14242,0,588,5704,11541,0,0
14441,0,650,5666,11735,0,0
14626,0,713,5617,11962,0,0
14825,0,782,5577,12165,0,0
15015,0,845,5531,12380,0,0
15204,0,910,5483,12590,0,0
15407,0,980,5434,12802,0,0
15600,0,1023,5396,12942,0,0
15861,0,964,5386,12910,0,0
16111,0,921,5376,12869,0,0
16355,0,888,5357,12827,0,0
16602,0,856,5344,12789,0,0
16863,0,805,5329,12754,0,0
17110,0,768,5320,12715,0,0
17367,0,731,5304,12664,0,0
17600,0,696,5296,12630,0,0
17868,0,688,5280,12591,0,0
17624,0,680,5328,12411,0,0
17266,0,648,5383,12191,0,0
16905,0,620,5449,11962,0,0
16543,0,597,5513,11756,0,0
16167,0,569,5576,11524,0,0
15811,0,544,5638,11308,0,0
15429,0,527,5698,11080,0,0
15084,0,511,5759,10864,0,0
14697,0,482,5818,10640,0,0
14415,0,462,5829,10500,0,0
14312,0,414,5712,10555,0,0
14201,0,392,5600,10590,0,0
14091,0,369,5484,10640,0,0
13976,0,346,5370,10678,0,0
13870,0,315,5256,10716,0,0
13765,0,294,5145,10763,0,0
13639,0,263,5023,10811,0,0
13539,0,240,4911,10840,0,0
13422,0,236,4795,10891,0,0
13704,0,241,4759,10828,0,0
14074,0,248,4747,10729,0,0
14401,0,247,4733,10635,0,0
14786,0,253,4724,10540,0,0
15130,0,252,4705,10456,0,0
15496,0,258,4688,10361,0,0
15852,0,260,4676,10271,0,0
16205,0,268,4662,10184,0,0
16550,0,277,4646,10091,0,0
17009,0,271,4683,9860,0,0
17577,0,245,4814,9449,0,0
18195,0,234,4954,8986,0,0
18808,0,228,5098,8527,0,0
19369,0,226,5229,8108,0,0
19981,0,221,5359,7655,0,0
20555,0,213,5490,7223,0,0
21148,0,210,5627,6774,0,0
21730,0,203,5762,6349,0,0
22338,0,211,5900,5901,0,0
21987,0,224,6014,6093,0,0
21534,0,281,6126,6378,0,0
21106,0,333,6229,6658,0,0
20643,0,401,6347,6940,0,0
20211,0,451,6453,7202,0,0
19763,0,515,6569,7482,0,0
19331,0,571,6675,7745,0,0
18874,0,637,6785,8026,0,0
18454,0,702,6898,8298,0,0
18054,0,723,6855,8548,0,0
17734,0,731,6626,8701,0,0
17422,0,729,6375,8868,0,0
17123,0,743,6144,9026,0,0
16801,0,757,5904,9191,0,0
16499,0,768,5667,9347,0,0
16171,0,780,5426,9509,0,0
15874,0,798,5197,9673,0,0
15560,0,822,4948,9845,0,0
15255,0,871,4720,10010,0,0
15462,0,781,4821,10191,0,0
15700,0,703,4932,10372,0,0
15946,0,634,5061,10565,0,0
16166,0,565,5181,10747,0,0
16426,0,497,5301,10943,0,0
16656,0,435,5421,11123,0,0
16906,0,362,5549,11315,0,0
17140,0,293,5674,11504,0,0
17371,0,236,5787,11693,0,0
17607,0,217,5877,11598,0,0
17808,0,203,5906,11252,0,0
18020,0,208,5940,10875,0,0
18211,0,214,5966,10527,0,0
18429,0,220,5996,10162,0,0
18613,0,228,6028,9812,0,0
18818,0,231,6061,9430,0,0
19026,0,237,6096,9090,0,0
19231,0,258,6129,8720,0,0
19426,0,290,6162,8367,0,0
19228,0,256,6020,8693,0,0
19052,0,220,5890,8994,0,0
18863,0,186,5751,9327,0,0
18680,0,156,5618,9628,0,0
18488,0,119,5477,9948,0,0
18306,0,82,5351,10248,0,0
18113,0,49,5208,10580,0,0
17931,0,18,5075,10867,0,0
17741,0,6,4933,11205,0,0
17394,0,7,4888,11281,0,0
16864,0,8,4913,11145,0,0
16378,0,9,4931,11028,0,0
15843,0,14,4963,10899,0,0
15366,0,21,4985,10776,0,0
14827,0,26,5010,10642,0,0
14339,0,33,5032,10519,0,0
13815,0,42,5061,10394,0,0
13322,0,48,5087,10271,0,0
12845,0,53,5116,10156,0,0
12989,0,58,5179,10202,0,0
13128,0,84,5234,10246,0,0
13249,0,115,5296,10289,0,0
13387,0,145,5360,10331,0,0
13515,0,187,5426,10373,0,0
13660,0,224,5483,10417,0,0
13793,0,271,5542,10469,0,0
13940,0,315,5602,10512,0,0
14058,0,363,5670,10556,0,0
13991,0,359,5718,10719,0,0
13773,0,374,5766,10969,0,0
13574,0,402,5804,11211,0,0
13357,0,444,5853,11468,0,0
13152,0,487,5900,11709,0,0
12923,0,531,5946,11970,0,0
12730,0,569,5990,12209,0,0
12501,0,618,6038,12464,0,0
12306,0,674,6083,12705,0,0
12168,0,723,6128,12874,0,0
12580,0,691,6190,12569,0,0
13011,0,660,6257,12243,0,0
13416,0,635,6311,11944,0,0
13848,0,613,6378,11613,0,0
14259,0,595,6437,11306,0,0
14707,0,569,6499,10988,0,0
15097,0,545,6563,10676,0,0
15539,0,527,6623,10349,0,0
15942,0,538,6684,10041,0,0
15913,0,528,6636,10021,0,0
15655,0,543,6535,10146,0,0
15380,0,573,6430,10284,0,0
15129,0,596,6334,10406,0,0
14845,0,635,6224,10544,0,0
14569,0,661,6116,10680,0,0
14303,0,690,6020,10809,0,0
14027,0,727,5907,10942,0,0
13768,0,762,5811,11065,0,0
13563,0,793,5717,11116,0,0
13629,0,762,5663,10877,0,0
13691,0,764,5616,10617,0,0
13755,0,782,5564,10375,0,0
13812,0,789,5511,10119,0,0
13875,0,792,5463,9879,0,0
13944,0,804,5404,9610,0,0
14006,0,820,5360,9381,0,0
14065,0,830,5302,9131,0,0
14131,0,875,5259,8882,0,0
14355,0,829,5341,9023,0,0
14628,0,778,5472,9302,0,0
14909,0,733,5612,9598,0,0
15180,0,679,5734,9880,0,0
15458,0,626,5880,10174,0,0
15730,0,578,6007,10453,0,0
16025,0,535,6152,10749,0,0
16293,0,484,6280,11031,0,0
16584,0,442,6412,11337,0,0
16894,0,446,6486,11535,0,0
17403,0,399,6369,11465,0,0
17868,0,371,6258,11409,0,0
18382,0,338,6130,11342,0,0
18847,0,320,6024,11294,0,0
19359,0,287,5899,11227,0,0
19846,0,260,5787,11177,0,0
20353,0,226,5665,11111,0,0
20848,0,190,5540,11055,0,0
21333,0,205,5428,10996,0,0
21057,0,210,5371,10827,0,0
20619,0,253,5334,10642,0,0
20142,0,303,5297,10442,0,0
19692,0,344,5260,10255,0,0
19222,0,392,5230,10047,0,0
18775,0,445,5189,9877,0,0
18293,0,493,5152,9672,0,0
17857,0,530,5112,9489,0,0
17374,0,584,5086,9291,0,0
17002,0,604,5080,9245,0,0
16731,0,529,5165,9487,0,0
16494,0,460,5246,9711,0,0
16230,0,389,5331,9958,0,0
15993,0,324,5410,10177,0,0
15732,0,255,5491,10431,0,0
15483,0,195,5572,10656,0,0
15226,0,136,5657,10903,0,0
14984,0,72,5732,11136,0,0
14726,0,31,5819,11387,0,0
15016,0,35,5804,11018,0,0
15429,0,48,5769,10496,0,0
15802,0,63,5736,10027,0,0
16223,0,80,5703,9513,0,0
16613,0,91,5671,9055,0,0
17016,0,105,5631,8549,0,0
17407,0,121,5596,8076,0,0
17824,0,141,5555,7562,0,0
18203,0,154,5524,7091,0,0
18246,0,164,5511,6945,0,0
17650,0,173,5508,7423,0,0
17043,0,183,5504,7945,0,0
16406,0,192,5500,8466,0,0
15834,0,205,5500,8952,0,0
15214,0,218,5498,9460,0,0
14640,0,224,5503,9945,0,0
14017,0,239,5498,10466,0,0
13432,0,246,5502,10941,0,0
12814,0,266,5499,11465,0,0
13171,0,256,5508,11431,0,0
13636,0,270,5520,11353,0,0
14072,0,284,5532,11265,0,0
14536,0,303,5544,11195,0,0
14964,0,318,5553,11099,0,0
15435,0,334,5562,11031,0,0
15870,0,351,5572,10948,0,0
16336,0,373,5583,10866,0,0
16788,0,385,5597,10782,0,0
16753,0,376,5622,10798,0,0
16141,0,377,5663,10927,0,0
15452,0,398,5720,11064,0,0
14830,0,407,5759,11206,0,0
14159,0,431,5809,11342,0,0
13530,0,448,5847,11471,0,0
12860,0,467,5898,11622,0,0
12229,0,491,5947,11751,0,0
11556,0,513,5986,11891,0,0
10929,0,561,6039,12014,0,0
11041,0,554,5914,11855,0,0
11177,0,544,5799,11680,0,0
11322,0,528,5657,11479,0,0
11473,0,518,5535,11293,0,0
11617,0,508,5406,11112,0,0
11763,0,494,5271,10910,0,0
11905,0,491,5137,10730,0,0
12061,0,483,5012,10537,0,0
12205,0,496,4884,10348,0,0
12572,0,495,4851,10289,0,0
13120,0,438,4910,10371,0,0
13712,0,376,4973,10460,0,0
14266,0,321,5036,10546,0,0
14856,0,256,5104,10626,0,0
15402,0,204,5163,10715,0,0
16002,0,146,5226,10793,0,0
16550,0,97,5288,10877,0,0
17147,0,39,5348,10965,0,0
17696,0,6,5410,11047,0,0
17341,0,21,5349,11037,0,0
17001,0,54,5293,11034,0,0
16660,0,85,5228,11030,0,0
16324,0,117,5175,11024,0,0
15965,0,152,5117,11023,0,0
15632,0,184,5055,11018,0,0
15274,0,217,4994,11021,0,0
14942,0,257,4939,11010,0,0
14587,0,290,4878,11001,0,0
14540,0,289,4900,11054,0,0
14744,0,263,4974,11149,0,0
14938,0,244,5044,11235,0,0
15146,0,230,5125,11324,0,0
15345,0,220,5196,11408,0,0
15543,0,210,5272,11486,0,0
15735,0,201,5347,11590,0,0
15945,0,194,5426,11678,0,0
16138,0,190,5499,11757,0,0
16294,0,197,5569,11837,0,0
15869,0,179,5453,11542,0,0
15468,0,170,5359,11264,0,0
15034,0,171,5244,10976,0,0
14630,0,173,5144,10706,0,0
14194,0,185,5035,10411,0,0
13790,0,186,4935,10135,0,0
13364,0,196,4822,9846,0,0
12952,0,197,4717,9567,0,0
12519,0,216,4609,9289,0,0
12582,0,239,4582,9366,0,0
12939,0,279,4594,9711,0,0
13266,0,324,4615,10018,0,0
13630,0,378,4626,10354,0,0
13964,0,431,4641,10674,0,0
14332,0,484,4657,11010,0,0
14665,0,533,4671,11328,0,0
15036,0,584,4686,11660,0,0
15362,0,645,4703,11976,0,0
15644,0,701,4716,12252,0,0
15460,0,669,4714,12188,0,0
15263,0,679,4707,12103,0,0
15079,0,688,4702,12040,0,0
14887,0,703,4701,11963,0,0
14703,0,719,4692,11888,0,0
14512,0,731,4687,11814,0,0
14320,0,746,4683,11741,0,0
14128,0,754,4673,11677,0,0
13947,0,803,4666,11601,0,0
13878,0,797,4810,11619,0,0
13884,0,769,5007,11689,0,0
13869,0,751,5227,11758,0,0
13872,0,736,5453,11843,0,0
13877,0,731,5651,11917,0,0
13873,0,715,5871,11987,0,0
13871,0,704,6075,12057,0,0
13884,0,683,6300,12127,0,0
13880,0,667,6505,12194,0,0
13930,0,664,6643,12231,0,0
14159,0,588,6498,12134,0,0
14414,0,532,6350,12012,0,0
14637,0,487,6204,11907,0,0
14889,0,432,6047,11797,0,0
15118,0,378,5905,11686,0,0
15371,0,328,5752,11573,0,0
15614,0,274,5612,11466,0,0
15852,0,228,5457,11361,0,0
16094,0,223,5313,11246,0,0
16045,0,237,5283,11211,0,0
15901,0,261,5295,11192,0,0
15719,0,287,5310,11184,0,0
15567,0,317,5325,11177,0,0
15413,0,341,5340,11150,0,0
15264,0,368,5356,11150,0,0
15100,0,396,5369,11129,0,0
14937,0,428,5386,11124,0,0
14779,0,468,5403,11109,0,0
14697,0,497,5385,11067,0,0
14880,0,452,5278,10917,0,0
15038,0,427,5178,10775,0,0
15222,0,419,5059,10636,0,0
15389,0,412,4956,10492,0,0
15571,0,391,4844,10353,0,0
15741,0,380,4743,10216,0,0
15921,0,372,4628,10073,0,0
16099,0,361,4515,9918,0,0
16274,0,357,4413,9805,0,0
16429,0,337,4456,9672,0,0
16564,0,312,4538,9573,0,0
16741,0,294,4616,9460,0,0
16876,0,273,4696,9361,0,0
17028,0,262,4777,9245,0,0
17187,0,237,4856,9152,0,0
17341,0,219,4940,9043,0,0
17496,0,204,5026,8932,0,0
17659,0,208,5108,8830,0,0
17702,0,211,5178,8800,0,0
17476,0,233,5253,8962,0,0
17266,0,251,5315,9090,0,0
17060,0,273,5386,9248,0,0
16844,0,299,5448,9388,0,0
16634,0,320,5514,9535,0,0
16423,0,343,5577,9686,0,0
16199,0,363,5645,9831,0,0
16000,0,391,5711,9984,0,0
15792,0,419,5778,10139,0,0
15835,0,397,5720,10271,0,0
15941,0,395,5633,10398,0,0
16036,0,405,5555,10543,0,0
16136,0,419,5467,10683,0,0
16244,0,436,5394,10819,0,0
16331,0,443,5308,10963,0,0
16440,0,455,5228,11088,0,0
16533,0,476,5140,11234,0,0
16628,0,499,5065,11369,0,0
16910,0,517,5019,11411,0,0
17494,0,507,5045,11293,0,0
18042,0,498,5068,11172,0,0
18631,0,495,5091,11054,0,0
19162,0,493,5113,10943,0,0
19757,0,497,5142,10822,0,0
20295,0,495,5164,10709,0,0
20886,0,499,5195,10593,0,0
21434,0,509,5209,10478,0,0
22033,0,545,5238,10354,0,0
21718,0,512,5153,10269,0,0
21306,0,490,5050,10184,0,0
20926,0,476,4958,10108,0,0
20523,0,459,4852,10029,0,0
20152,0,438,4760,9957,0,0
19745,0,427,4661,9862,0,0
19372,0,413,4568,9798,0,0
18971,0,400,4462,9710,0,0
18595,0,386,4371,9625,0,0
18334,0,371,4290,9627,0,0
18236,0,333,4245,9736,0,0
18139,0,289,4190,9851,0,0
18067,0,254,4142,9962,0,0
17978,0,217,4098,10065,0,0
17890,0,175,4054,10168,0,0
17810,0,136,3995,10281,0,0
17722,0,104,3951,10386,0,0
17636,0,63,3899,10502,0,0
17549,0,49,3853,10600,0,0
16869,0,43,3899,10702,0,0
16213,0,56,3951,10784,0,0
15485,0,76,4007,10872,0,0
14821,0,101,4051,10967,0,0
14107,0,119,4104,11060,0,0
13397,0,145,4168,11153,0,0
12730,0,168,4212,11236,0,0
12002,0,201,4268,11332,0,0
11342,0,226,4324,11419,0,0
10395,0,226,4471,11132,0,0
9283,0,201,4706,10526,0,0
8097,0,167,4953,9850,0,0
6993,0,139,5192,9233,0,0
5797,0,106,5434,8579,0,0
4702,0,80,5673,7955,0,0
3507,0,49,5921,7303,0,0
2402,0,22,6151,6674,0,0
1224,0,1,6405,6010,0,0
259,0,0,6640,5406,0,0
226,0,0,6756,4946,0,0
198,0,0,6858,4527,0,0
170,0,0,6970,4073,0,0
144,0,0,7080,3654,0,0
115,0,0,7188,3204,0,1
86,0,0,7300,2787,0,4
55,0,0,7416,2346,0,6
30,0,0,7518,1922,0,7
0,0,0,7633,1487,0,9
0,0,0,7658,1271,0,58
0,0,0,7604,1189,0,250
0,0,0,7567,1123,0,436
0,0,0,7519,1045,0,644
0,0,0,7473,978,0,821
0,0,0,7428,909,0,1032
0,0,0,7378,832,0,1224
0,0,0,7339,760,0,1418
0,0,0,7284,680,0,1623
0,0,0,7251,669,0,1795
0,0,0,7302,655,0,1801
0,0,0,7348,649,0,1848
0,0,0,7400,640,0,1895
0,0,0,7441,638,0,1942
0,0,0,7488,627,0,1980
0,0,0,7541,620,0,2025
0,0,0,7590,611,0,2074
0,0,0,7639,601,0,2114
0,0,0,7687,595,0,2173
16,0,0,7648,553,0,2302
65,0,0,7549,486,0,2570
111,0,0,7457,423,0,2809
163,0,0,7360,352,0,3071
209,0,0,7269,291,0,3315
258,0,0,7170,228,0,3572
307,0,0,7075,174,0,3813
358,0,0,6974,109,0,4080
402,0,0,6886,54,0,4328
439,0,0,6794,39,0,4545
396,0,0,6794,61,0,4303
344,0,0,6772,99,0,4045
299,0,0,6771,134,0,3811
243,0,0,6759,166,0,3551
200,0,0,6754,203,0,3314
148,0,0,6742,244,0,3071
102,0,0,6736,291,0,2835
51,0,0,6728,334,0,2578
5,0,0,6709,385,0,2353
0,0,0,6747,385,0,2133
0,0,0,6814,380,0,1898
0,0,0,6878,389,0,1639
0,0,0,6938,392,0,1379
0,0,0,6993,392,0,1134
0,0,0,7055,399,0,884
0,0,0,7118,412,0,644
0,0,0,7182,416,0,389
0,0,0,7244,430,0,155
0,0,0,7284,462,0,0
0,0,0,7252,465,0,37
0,0,0,7225,512,0,92
0,0,0,7196,540,0,151
0,0,0,7162,575,0,209
0,0,0,7132,611,0,268
0,0,0,7103,652,0,327
0,0,0,7077,686,0,385
0,0,0,7049,725,0,445
0,0,0,7016,762,0,501
0,0,0,7042,721,0,604
0,0,0,7083,645,0,765
0,0,0,7125,560,0,948
0,0,0,7165,483,0,1115
0,0,0,7208,408,0,1298
0,0,0,7249,331,0,1475
0,0,0,7298,251,0,1657
0,0,0,7339,186,0,1830
0,0,0,7379,114,0,2011
0,0,0,7408,94,0,2140
0,0,0,7447,111,0,2049
0,0,0,7458,148,0,1969
0,0,0,7493,189,0,1880
0,0,0,7519,230,0,1804
0,0,0,7542,272,0,1721
0,0,0,7572,315,0,1640
0,0,0,7587,360,0,1561
0,0,0,7617,407,0,1484
0,0,0,7640,457,0,1423
0,0,0,7626,463,0,1373
0,0,0,7595,458,0,1342
0,0,0,7567,449,0,1312
0,0,0,7534,442,0,1274
0,0,0,7506,438,0,1238
0,0,0,7483,426,0,1201
0,0,0,7450,423,0,1161
0,0,0,7426,429,0,1136
0,0,0,7394,433,0,1101
0,0,0,7362,432,0,1077
0,0,0,7337,392,0,961
0,0,0,7308,368,0,862
0,0,0,7278,337,0,759
0,0,0,7254,308,0,663
0,0,0,7222,282,0,564
0,0,0,7200,254,0,474
0,0,0,7166,226,0,367
0,0,0,7140,210,0,273
0,0,0,7115,192,0,180
0,0,0,7107,184,0,159
0,0,0,7103,177,0,135
6,0,0,7101,168,0,113
15,0,0,7097,163,0,96
20,0,0,7091,163,0,74
27,0,0,7093,161,0,52
34,0,0,7084,159,0,31
39,0,0,7089,164,0,14
45,0,0,7079,177,0,0
50,0,0,7064,195,0,9
67,0,0,7032,196,0,122
81,0,0,6983,202,0,238
101,0,0,6947,208,0,373
118,0,0,6905,222,0,496
136,0,0,6873,235,0,633
155,0,0,6833,237,0,752
170,0,0,6794,252,0,880
185,0,0,6754,261,0,1008
210,0,0,6716,278,0,1144
186,0,0,6657,255,0,1118
163,0,0,6602,234,0,1091
142,0,0,6540,222,0,1063
116,0,0,6479,206,0,1042
93,0,0,6427,191,0,1017
69,0,0,6364,176,0,982
48,0,0,6306,168,0,974
24,0,0,6249,154,0,951
1,0,0,6198,145,0,932
0,0,0,6224,146,0,921
0,0,0,6359,136,0,925
0,0,0,6511,140,0,930
0,0,0,6644,149,0,941
0,0,0,6791,157,0,953
0,0,0,6927,171,0,960
0,0,0,7079,194,0,978
0,0,0,7214,201,0,985
0,0,0,7356,228,0,1001
0,0,0,7495,249,0,1051
0,0,0,7501,223,0,1136
0,0,0,7493,192,0,1255
0,0,0,7485,170,0,1387
0,0,0,7482,141,0,1508
0,0,0,7479,119,0,1627
0,0,0,7475,97,0,1751
0,0,0,7460,78,0,1868
0,0,0,7452,62,0,2003
0,0,0,7442,62,0,2123
0,0,0,7415,64,0,2219
0,0,0,7366,59,0,2286
0,0,0,7310,53,0,2369
0,0,0,7261,53,0,2435
0,0,0,7200,55,0,2516
0,0,0,7148,58,0,2578
0,0,0,7092,65,0,2656
0,0,0,7043,68,0,2729
0,0,0,6985,68,0,2809
0,0,0,6936,77,0,2900
0,0,0,6999,84,0,2643
0,0,0,7074,99,0,2419
0,0,0,7145,110,0,2171
0,0,0,7208,133,0,1952
0,0,0,7274,157,0,1707
0,0,0,7340,175,0,1489
0,0,0,7412,197,0,1248
0,0,0,7480,220,0,1029
0,0,0,7551,250,0,795
0,0,0,7574,253,0,681
0,0,0,7580,249,0,620
0,0,0,7572,256,0,566
0,0,0,7569,266,0,517
0,0,0,7565,272,0,460
0,0,0,7560,282,0,410
0,0,0,7560,295,0,361
0,0,0,7557,311,0,309
0,0,0,7550,328,0,261
0,0,0,7549,353,0,248
0,0,0,7584,325,0,454
0,0,0,7605,307,0,669
0,0,0,7641,289,0,905
0,0,0,7664,267,0,1121
0,0,0,7698,254,0,1354
0,0,0,7727,234,0,1572
0,0,0,7759,212,0,1805
0,0,0,7782,203,0,2022
0,0,0,7815,203,0,2265
0,0,0,7776,206,0,2326
0,0,0,7704,217,0,2303
0,0,0,7639,255,0,2286
0,0,0,7561,281,0,2266
0,0,0,7489,313,0,2250
0,0,0,7418,345,0,2232
0,0,0,7344,377,0,2214
0,0,0,7266,405,0,2191
0,0,0,7195,437,0,2176
0,0,0,7135,462,0,2149
0,0,0,7165,444,0,2039
0,0,0,7190,418,0,1940
0,0,0,7218,397,0,1857
0,0,0,7237,377,0,1757
0,0,0,7259,354,0,1670
0,0,0,7292,331,0,1575
0,0,0,7315,317,0,1485
0,0,0,7346,302,0,1392
0,0,0,7369,305,0,1313
0,0,0,7420,293,0,1223
0,0,0,7485,276,0,1142
0,0,0,7544,262,0,1070
0,0,0,7602,253,0,987
0,0,0,7659,237,0,916
0,0,0,7730,220,0,840
0,0,0,7786,206,0,768
0,0,0,7849,197,0,681
0,0,0,7905,191,0,628
0,0,0,7931,190,0,614
0,0,0,7839,175,0,706
0,0,0,7743,171,0,829
0,0,0,7648,175,0,944
0,0,0,7545,179,0,1070
0,0,0,7452,185,0,1188
0,0,0,7350,191,0,1320
0,0,0,7249,190,0,1445
0,0,0,7152,197,0,1577
0,0,0,7063,205,0,1699
0,0,0,7095,198,0,1764
0,0,0,7170,197,0,1812
0,0,0,7252,194,0,1884
0,0,0,7326,199,0,1948
0,0,0,7412,206,0,2015
0,0,0,7487,208,0,2072
0,0,0,7572,210,0,2144
0,0,0,7648,224,0,2209
0,0,0,7725,232,0,2285
0,0,0,7795,237,0,2324
0,0,0,7832,202,0,2087
0,0,0,7864,187,0,1894
0,0,0,7903,174,0,1671
0,0,0,7933,158,0,1469
0,0,0,7967,148,0,1258
0,0,0,8003,137,0,1041
0,0,0,8042,133,0,842
0,0,0,8069,121,0,630
0,0,0,8103,144,0,443
0,0,0,8166,139,0,496
0,0,0,8233,147,0,567
0,0,0,8297,149,0,645
0,0,0,8363,155,0,721
0,0,0,8432,166,0,796
0,0,0,8496,167,0,871
0,0,0,8565,179,0,953
0,0,0,8631,187,0,1027
0,0,0,8697,201,0,1108
0,0,0,8741,211,0,1135
0,0,0,8736,204,0,1032
0,0,0,8735,211,0,949
0,0,0,8727,227,0,853
0,0,0,8720,250,0,764
0,0,0,8716,268,0,668
0,0,0,8705,280,0,582
0,0,0,8707,302,0,487
0,0,0,8699,328,0,406
0,0,0,8699,352,0,317
0,0,0,8593,349,0,331
0,0,0,8470,343,0,368
0,0,0,8351,348,0,401
0,0,0,8226,351,0,440
0,0,0,8103,357,0,469
0,0,0,7977,365,0,507
0,0,0,7860,372,0,545
0,0,0,7727,382,0,579
0,0,0,7601,411,0,616
0,0,0,7529,417,0,616
0,0,0,7528,380,0,557
0,0,0,7529,348,0,504
0,0,0,7530,318,0,450
0,0,0,7526,291,0,402
0,0,0,7529,258,0,348
0,0,0,7529,234,0,303
0,0,0,7526,209,0,249
0,0,0,7530,181,0,202
0,0,0,7528,185,0,163
0,0,0,7397,166,0,204
0,0,0,7251,144,0,299
0,0,0,7106,123,0,394
0,0,0,6951,103,0,491
0,0,0,6804,87,0,578
0,0,0,6650,72,0,676
0,0,0,6511,55,0,768
0,0,0,6355,39,0,865
0,0,0,6214,31,0,967
0,0,0,6186,36,0,980
0,0,0,6314,55,0,864
0,0,0,6447,74,0,748
0,0,0,6575,95,0,637
0,0,0,6699,131,0,519
0,0,0,6832,155,0,410
0,0,0,6969,175,0,295
0,0,0,7091,202,0,187
0,0,0,7228,229,0,72
0,0,0,7354,258,0,10
0,0,0,7363,234,0,321
0,0,0,7362,238,0,679
0,0,0,7363,245,0,1077
0,0,0,7352,255,0,1473
0,0,0,7361,264,0,1837
0,0,0,7357,273,0,2219
0,0,0,7360,279,0,2588
0,0,0,7356,286,0,2983
0,0,0,7356,294,0,3347
0,0,0,7339,298,0,3424
0,0,0,7295,285,0,3217
0,0,0,7249,289,0,2987
0,0,0,7211,286,0,2781
0,0,0,7174,276,0,2570
0,0,0,7133,274,0,2363
0,0,0,7092,267,0,2133
0,0,0,7053,267,0,1927
0,0,0,7014,269,0,1709
0,0,0,6975,284,0,1557
0,0,0,7024,262,0,1593
0,0,0,7069,253,0,1665
0,0,0,7115,249,0,1759
0,0,0,7158,239,0,1842
0,0,0,7203,230,0,1926
0,0,0,7247,224,0,2003
0,0,0,7301,217,0,2095
0,0,0,7340,216,0,2174
0,0,0,7389,214,0,2265
0,0,0,7383,211,0,2220
0,0,0,7342,225,0,2067
0,0,0,7304,252,0,1912
0,0,0,7260,276,0,1754
0,0,0,7223,307,0,1607
0,0,0,7174,331,0,1455
0,0,0,7128,362,0,1293
0,0,0,7083,392,0,1144
0,0,0,7041,428,0,987
0,0,0,7007,472,0,892
0,0,0,7029,421,0,830
0,0,0,7059,380,0,801
0,0,0,7085,333,0,767
0,0,0,7110,293,0,741
0,0,0,7131,253,0,718
0,0,0,7151,210,0,690
0,0,0,7182,175,0,664
0,0,0,7205,138,0,638
0,0,0,7230,106,0,625
0,0,0,7230,96,0,649
0,0,0,7228,85,0,721
0,0,0,7214,80,0,796
0,0,0,7215,80,0,883
0,0,0,7203,73,0,959
0,0,0,7203,76,0,1025
0,0,0,7191,72,0,1110
0,0,0,7188,75,0,1193
0,0,0,7180,83,0,1267
0,0,0,7192,92,0,1357
0,0,0,7279,98,0,1323
0,0,0,7381,112,0,1286
0,0,0,7471,123,0,1253
0,0,0,7566,137,0,1214
0,0,0,7653,149,0,1176
0,0,0,7758,165,0,1141
0,0,0,7846,181,0,1106
0,0,0,7946,197,0,1071
0,0,0,8032,215,0,1048
0,0,0,7973,217,0,982
0,0,0,7818,211,0,865
0,0,0,7677,215,0,757
0,0,0,7517,219,0,638
0,0,0,7379,222,0,527
0,0,0,7222,226,0,409
0,0,0,7081,223,0,301
0,0,0,6929,231,0,182
0,0,0,6781,244,0,74
0,0,0,6691,247,0,6
0,0,0,6801,228,0,83
0,0,0,6913,206,0,175
0,0,0,7020,191,0,261
0,0,0,7135,168,0,358
0,0,0,7245,157,0,449
0,0,0,7354,138,0,543
0,0,0,7465,125,0,632
0,0,0,7584,106,0,727
0,0,0,7689,111,0,817
0,0,0,7754,108,0,866
0,0,0,7807,138,0,904
0,0,0,7851,166,0,940
0,0,0,7899,203,0,969
0,0,0,7955,242,0,999
0,0,0,7996,266,0,1035
0,0,0,8045,304,0,1075
0,0,0,8094,343,0,1110
0,0,0,8140,377,0,1139
0,0,0,8155,396,0,1147
0,0,0,8046,361,0,1135
0,0,0,7949,347,0,1123
0,0,0,7839,332,0,1118
0,0,0,7729,314,0,1111
0,0,0,7630,302,0,1103
0,0,0,7524,292,0,1093
0,0,0,7417,276,0,1089
0,0,0,7312,262,0,1081
0,0,0,7211,275,0,1084
0,0,0,7173,246,0,1005
0,0,0,7152,219,0,883
0,0,0,7130,180,0,764
0,0,0,7106,158,0,651
0,0,0,7086,133,0,530
0,0,0,7067,109,0,412
0,0,0,7045,82,0,289
0,0,0,7024,66,0,174
0,0,0,7004,50,0,51
0,0,0,6961,53,0,7
0,0,0,6865,82,0,71
0,0,0,6779,119,0,135
0,0,0,6685,171,0,210
0,0,0,6596,220,0,275
0,0,0,6499,268,0,351
0,0,0,6412,312,0,419
0,0,0,6321,364,0,492
0,0,0,6232,411,0,562
0,0,0,6145,467,0,638
0,0,0,6177,440,0,650
0,0,0,6245,430,0,698
0,0,0,6310,416,0,735
0,0,0,6380,409,0,783
0,0,0,6446,395,0,826
0,0,0,6508,381,0,877
0,0,0,6576,381,0,917
0,0,0,6638,373,0,974
0,0,0,6712,372,0,1026
0,0,0,6731,379,0,1077
0,0,0,6677,342,0,1129
0,0,0,6627,309,0,1173
0,0,0,6572,274,0,1220
0,0,0,6520,241,0,1266
0,0,0,6467,209,0,1310
0,0,0,6418,178,0,1358
0,0,0,6354,148,0,1406
0,0,0,6305,117,0,1456
0,0,0,6252,104,0,1523
0,0,0,6390,106,0,1507
0,0,0,6557,127,0,1523
0,0,0,6705,145,0,1532
0,0,0,6877,177,0,1540
0,0,0,7022,200,0,1559
0,0,0,7185,243,0,1575
0,0,0,7336,266,0,1591
0,0,0,7507,291,0,1604
0,0,0,7657,325,0,1618
0,0,0,7758,329,0,1608
0,0,0,7764,293,0,1551
0,0,0,7777,259,0,1493
0,0,0,7786,238,0,1443
0,0,0,7794,196,0,1397
0,0,0,7798,171,0,1349
0,0,0,7805,137,0,1298
0,0,0,7810,115,0,1254
0,0,0,7825,98,0,1210
0,0,0,7832,104,0,1177
0,0,0,7794,126,0,1136
0,0,0,7749,169,0,1106
0,0,0,7712,225,0,1074
0,0,0,7670,271,0,1066
0,0,0,7629,327,0,1045
0,0,0,7586,378,0,1022
0,0,0,7547,430,0,1006
0,0,0,7505,484,0,990
0,0,0,7470,534,0,981
0,0,0,7417,539,0,957
0,0,0,7359,500,0,875
0,0,0,7303,466,0,796
0,0,0,7249,436,0,725
0,0,0,7184,403,0,645
0,0,0,7135,370,0,573
0,0,0,7080,340,0,487
0,0,0,7020,301,0,418
0,0,0,6958,278,0,341
0,0,0,6907,280,0,298
0,0,0,6965,259,0,263
0,0,0,7018,262,0,233
0,0,0,7077,270,0,199
0,0,0,7127,276,0,166
0,0,0,7184,287,0,130
0,0,0,7237,299,0,99
0,0,0,7294,306,0,64
0,0,0,7349,319,0,31
0,0,0,7405,337,0,3
0,0,0,7438,332,0,0
0,0,0,7455,288,0,0
0,0,0,7465,252,0,0
0,0,0,7484,216,0,0
0,0,0,7498,176,0,0
0,0,0,7514,144,0,3
0,0,0,7529,111,0,5
0,0,0,7541,77,0,7
0,0,0,7558,52,0,8
0,0,0,7554,56,0,10
0,0,0,7390,76,0,43
0,0,0,7240,112,0,86
0,0,0,7070,150,0,126
0,0,0,6913,182,0,166
0,0,0,6744,229,0,210
0,0,0,6586,267,0,250
0,0,0,6427,314,0,295
0,0,0,6269,355,0,341
0,0,0,6102,403,0,382
0,0,0,6052,389,0,428
0,0,0,6064,339,0,485
0,0,0,6072,296,0,546
0,0,0,6087,253,0,604
0,0,0,6091,211,0,662
0,0,0,6107,170,0,724
0,0,0,6120,132,0,783
0,0,0,6127,99,0,847
0,0,0,6136,69,0,908
0,0,0,6141,54,0,945
0,0,0,6094,47,0,930
0,0,0,6035,33,0,921
0,0,0,5992,28,0,906
0,0,0,5935,21,0,897
0,0,0,5882,18,0,889
0,0,0,5831,15,0,880
0,0,0,5775,15,0,872
0,0,0,5719,15,0,868
0,0,0,5672,18,0,865
0,0,0,5644,18,0,1026
0,0,0,5643,14,0,1321
0,0,0,5636,11,0,1590
0,0,0,5627,15,0,1880
0,0,0,5619,27,0,2151
0,0,0,5612,36,0,2441
0,0,0,5604,51,0,2706
0,0,0,5596,65,0,3004
0,0,0,5587,75,0,3272
0,0,0,5591,85,0,3484
0,0,0,5637,100,0,3401
0,0,0,5676,117,0,3313
0,0,0,5719,133,0,3235
0,0,0,5768,156,0,3152
0,0,0,5808,172,0,3074
0,0,0,5852,194,0,2987
0,0,0,5892,219,0,2911
0,0,0,5939,252,0,2824
0,0,0,5988,276,0,2747
0,0,0,6040,271,0,2520
0,0,0,6097,252,0,2238
0,0,0,6154,237,0,1935
0,0,0,6209,227,0,1650
0,0,0,6274,218,0,1347
0,0,0,6327,206,0,1061
0,0,0,6389,201,0,758
0,0,0,6445,201,0,474
0,0,0,6515,192,0,170
0,0,0,6524,195,0,0
0,0,0,6413,178,0,0
0,0,0,6299,166,0,0
0,0,0,6184,150,0,0
0,0,0,6064,149,0,0
0,0,0,5955,142,0,0
0,0,0,5841,137,0,0
0,0,0,5734,136,0,0
0,0,0,5614,129,0,0
0,0,0,5503,145,0,0
0,0,0,5476,137,0,40
0,0,0,5465,154,0,108
0,0,0,5451,164,0,190
0,0,0,5442,178,0,260
0,0,0,5437,187,0,337
0,0,0,5420,203,0,410
0,0,0,5415,217,0,488
0,0,0,5412,234,0,562
0,0,0,5396,257,0,643
0,0,0,5402,273,0,736
0,0,0,5446,257,0,1007
0,0,0,5486,254,0,1279
0,0,0,5528,253,0,1563
0,0,0,5561,254,0,1829
0,0,0,5602,249,0,2113
0,0,0,5638,245,0,2382
0,0,0,5687,245,0,2674
0,0,0,5720,245,0,2936
0,0,0,5765,264,0,3226
0,0,165,5749,243,0,3043
0,0,398,5725,245,0,2758
0,0,616,5703,253,0,2496
0,0,848,5680,264,0,2207
0,0,1068,5656,265,0,1946
0,0,1301,5632,278,0,1671
0,0,1532,5610,284,0,1388
0,0,1753,5582,297,0,1127
0,0,1983,5561,314,0,846
0,0,2033,5519,318,0,696
0,0,1801,5426,326,0,695
0,0,1582,5338,325,0,689
0,0,1346,5244,332,0,684
0,0,1134,5157,343,0,685
0,0,897,5066,342,0,686
0,0,681,4979,350,0,682
0,0,448,4890,358,0,683
0,0,231,4799,366,0,689
0,0,0,4708,392,0,722
0,0,0,4563,364,0,702
0,0,0,4405,337,0,685
0,0,0,4254,311,0,671
0,0,0,4095,283,0,656
0,0,0,3947,270,0,639
0,0,0,3794,246,0,627
0,0,0,3636,221,0,610
0,0,0,3479,201,0,597
0,0,0,3333,186,0,589
0,0,0,3271,185,0,596
0,0,0,3324,171,0,626
0,0,0,3389,163,0,666
0,0,0,3452,159,0,697
0,0,0,3515,153,0,735
0,0,0,3575,148,0,769
0,0,0,3640,144,0,805
0,0,0,3704,140,0,837
0,0,0,3765,142,0,872
0,0,0,3822,159,0,919
0,0,0,3773,144,0,836
0,0,0,3713,125,0,733
0,0,0,3654,107,0,646
0,0,0,3593,91,0,549
0,0,0,3534,76,0,458
0,0,0,3476,64,0,353
0,0,0,3419,49,0,268
0,0,0,3359,36,0,168
0,0,0,3297,25,0,79
0,0,0,3229,32,0,29
0,0,0,3168,52,0,24
0,0,0,3095,79,0,18
0,0,0,3030,103,0,16
0,0,0,2969,131,0,10
0,0,0,2902,158,0,8
0,0,0,2829,192,0,4
0,0,0,2766,217,0,0
0,0,0,2698,248,0,0
0,0,0,2636,277,0,0
0,0,0,2501,246,0,0
0,0,0,2365,218,0,0
0,0,0,2226,190,0,0
0,0,0,2095,171,0,0
0,0,0,1952,141,0,0
0,0,0,1827,119,0,0
0,0,0,1693,99,0,0
0,0,0,1564,75,0,0
0,0,0,1424,58,0,0
0,0,0,1421,52,0,5
0,0,0,1512,47,0,35
0,0,0,1611,49,0,66
0,0,0,1706,49,0,100
0,0,0,1814,51,0,138
0,0,0,1903,53,0,170
0,0,0,2006,53,0,205
0,0,0,2094,56,0,236
0,0,0,2194,64,0,274
0,0,0,2285,72,0,306
0,0,0,2320,70,0,322
0,0,0,2357,85,0,348
0,0,0,2389,101,0,374
0,0,0,2422,114,0,399
0,0,0,2458,128,0,423
0,0,0,2487,143,0,448
0,0,0,2525,159,0,477
0,0,0,2565,176,0,501
0,0,0,2595,189,0,530
0,0,0,2587,183,0,511
0,0,0,2551,161,0,449
0,0,0,2511,144,0,394
0,0,0,2479,124,0,329
0,0,0,2448,101,0,272
0,0,0,2410,87,0,207
0,0,0,2375,68,0,150
0,0,0,2341,55,0,90
0,0,0,2300,44,0,36
0,0,0,2287,42,0,12
0,0,0,2403,37,0,179
0,0,0,2536,45,0,361
0,0,0,2652,67,0,533
0,0,0,2780,83,0,716
0,0,0,2899,109,0,892
0,0,0,3021,126,0,1078
0,0,0,3136,143,0,1246
0,0,0,3261,173,0,1431
0,0,0,3392,197,0,1617
0,0,0,3473,205,0,1550
0,0,0,3544,242,0,1366
0,0,0,3616,254,0,1191
0,0,0,3698,290,0,1007
0,0,0,3763,324,0,838
0,0,0,3837,355,0,651
0,0,0,3911,385,0,481
0,0,0,3984,418,0,297
0,0,0,4057,458,0,127
0,0,0,4112,485,0,0
0,0,0,4099,437,0,32
0,0,0,4078,390,0,77
0,0,0,4060,349,0,118
0,0,0,4033,302,0,162
0,0,0,4019,259,0,204
0,0,0,4002,216,0,249
0,0,0,3986,177,0,288
0,0,0,3965,132,0,333
0,0,0,3945,110,0,368
0,0,0,4122,119,0,357
0,0,0,4348,137,0,349
0,0,0,4588,164,0,347
0,0,0,4827,195,0,346
0,0,0,5075,226,0,346
0,0,0,5304,260,0,351
0,0,0,5555,294,0,354
0,0,0,5784,323,0,349
0,0,0,6036,354,0,359
0,0,0,6218,380,0,365
0,0,0,6253,362,0,374
0,0,0,6288,360,0,390
0,0,0,6318,361,0,409
0,0,0,6354,363,0,427
0,0,0,6392,357,0,449
0,0,0,6430,368,0,469
0,0,0,6462,371,0,484
0,0,0,6499,377,0,513
0,0,0,6534,392,0,551
0,0,0,6496,359,0,610
0,0,0,6453,324,0,730
0,0,0,6404,284,0,866
0,0,0,6352,252,0,976
0,0,0,6297,216,0,1119
0,0,0,6251,185,0,1239
0,0,0,6199,142,0,1373
0,0,0,6150,116,0,1502
0,0,0,6107,91,0,1643
0,0,0,6083,89,0,1732
0,0,0,6135,101,0,1700
0,0,0,6178,118,0,1681
0,0,0,6227,152,0,1669
0,0,0,6272,189,0,1641
0,0,0,6322,225,0,1613
0,0,0,6365,254,0,1607
0,0,0,6418,295,0,1581
0,0,0,6461,331,0,1557
0,0,0,6514,382,0,1580
0,0,0,6671,383,0,1603
0,0,0,6860,391,0,1660
0,0,0,7038,390,0,1716
0,0,0,7219,394,0,1786
0,0,0,7395,401,0,1840
0,0,0,7583,409,0,1904
0,0,0,7775,409,0,1966
0,0,0,7959,418,0,2023
0,0,0,8140,430,0,2092
0,0,0,8203,434,0,2133
0,0,0,8083,390,0,2116
0,0,0,7967,358,0,2107
0,0,0,7849,317,0,2095
0,0,0,7726,277,0,2087
0,0,0,7604,239,0,2086
0,0,0,7492,203,0,2076
0,0,0,7371,164,0,2073
0,0,0,7251,134,0,2063
0,0,0,7126,108,0,2085
0,0,0,7039,102,0,1956
0,0,0,6952,110,0,1835
0,0,0,6863,133,0,1720
0,0,0,6766,153,0,1594
0,0,0,6683,176,0,1481
0,0,0,6589,192,0,1362
0,0,0,6503,212,0,1250
0,0,0,6402,235,0,1126
0,0,0,6320,257,0,1025
0,0,0,6351,269,0,949
0,0,0,6547,255,0,848
0,0,0,6749,246,0,753
0,0,0,6943,232,0,667
0,0,0,7139,219,0,565
0,0,0,7338,217,0,476
0,0,0,7542,204,0,389
0,0,0,7740,194,0,296
0,0,0,7940,190,0,205
0,0,0,8147,196,0,139
0,0,0,8081,173,0,122
0,0,0,7994,152,0,100
0,0,0,7924,137,0,88
0,0,0,7850,124,0,77
0,0,0,7778,105,0,64
0,0,0,7700,82,0,56
0,0,0,7629,73,0,50
0,0,0,7548,56,0,46
0,0,0,7475,42,0,52
0,0,0,7471,39,0,52
0,0,0,7539,37,0,43
0,0,0,7615,44,0,32
0,0,0,7680,47,0,24
0,0,0,7749,52,0,17
0,0,0,7817,57,0,12
0,0,0,7893,61,0,4
0,0,0,7953,67,0,0
0,0,0,8025,75,0,0
0,0,0,8100,84,0,0
0,0,0,7978,75,0,7
0,0,0,7872,73,0,21
0,0,0,7761,75,0,41
0,0,0,7656,80,0,60
0,0,0,7535,82,0,80
0,0,0,7432,88,0,99
0,0,0,7317,91,0,118
0,0,0,7211,92,0,137
0,0,0,7094,105,0,156
0,0,0,7104,111,0,169
0,0,0,7227,166,0,223
0,0,0,7342,221,0,275
0,0,0,7460,280,0,332
0,0,0,7576,348,0,388
0,0,0,7688,398,0,436
0,0,0,7816,465,0,495
0,0,0,7925,530,0,549
0,0,0,8047,596,0,614
0,0,0,8142,646,0,674
0,0,0,8074,568,0,827
0,0,0,8022,498,0,992
0,0,0,7961,423,0,1168
0,0,0,7898,350,0,1340
0,0,0,7839,280,0,1521
0,0,0,7785,213,0,1685
0,0,0,7724,145,0,1873
0,0,0,7661,81,0,2042
0,0,0,7604,29,0,2221
0,0,0,7587,30,0,2278
0,0,0,7615,53,0,2299
0,0,0,7634,77,0,2329
0,0,0,7661,114,0,2371
0,0,0,7681,142,0,2407
0,0,0,7709,173,0,2440
0,0,0,7727,209,0,2473
0,0,0,7752,243,0,2513
0,0,0,7773,278,0,2546
0,0,0,7779,309,0,2582
0,0,0,7659,272,0,2359
0,0,0,7538,231,0,2113
0,0,0,7418,197,0,1898
0,0,0,7293,154,0,1660
0,0,0,7178,121,0,1441
0,0,0,7056,84,0,1205
0,0,0,6925,52,0,970
0,0,0,6813,15,0,753
0,0,0,6694,0,0,526
20,0,0,6690,0,0,545
72,0,0,6752,9,0,629
123,0,0,6805,33,0,706
175,0,0,6865,51,0,792
226,0,0,6923,78,0,872
278,0,0,6979,99,0,962
326,0,0,7034,121,0,1039
382,0,0,7095,145,0,1125
432,0,0,7151,171,0,1209
462,0,0,7209,189,0,1257
414,0,0,7262,189,0,1191
360,0,0,7322,190,0,1134
311,0,0,7381,186,0,1090
255,0,0,7440,193,0,1038
206,0,0,7497,196,0,991
154,0,0,7561,196,0,933
103,0,0,7620,189,0,885
52,0,0,7674,203,0,834
2,0,0,7730,207,0,795
0,0,0,7731,193,0,772
0,0,0,7700,179,0,777
0,0,0,7681,178,0,778
0,0,0,7654,184,0,790
0,0,0,7631,191,0,795
0,0,0,7607,191,0,807
0,0,0,7580,198,0,815
0,0,0,7557,203,0,828
0,0,0,7530,211,0,838
0,0,0,7517,228,0,887
0,0,0,7560,216,0,980
0,0,0,7609,211,0,1091
0,0,0,7648,210,0,1186
0,0,0,7692,205,0,1297
0,0,0,7737,211,0,1397
0,0,0,7784,207,0,1506
0,0,0,7827,204,0,1604
0,0,0,7870,210,0,1720
0,0,0,7909,220,0,1824
0,0,0,7940,227,0,1713
0,0,0,7961,253,0,1588
0,0,0,7983,294,0,1439
0,0,0,8008,321,0,1314
0,0,0,8032,360,0,1169
0,0,0,8055,395,0,1046
0,0,0,8081,427,0,898
0,0,0,8101,462,0,766
0,0,0,8119,513,0,627
1,0,0,8148,525,0,551
48,0,0,8172,480,0,488
92,0,0,8199,458,0,421
144,0,0,8224,430,0,358
186,0,0,8249,414,0,298
235,0,0,8265,386,0,231
280,0,0,8291,360,0,171
327,0,0,8310,334,0,106
371,0,0,8331,316,0,49
422,0,0,8353,317,0,0
391,0,0,8323,295,0,118
342,0,0,8266,288,0,300
301,0,0,8217,276,0,469
249,0,0,8162,271,0,652
198,0,0,8103,265,0,837
155,0,0,8057,275,0,1012
108,0,0,8005,261,0,1194
62,0,0,7953,265,0,1365
15,0,0,7897,266,0,1543
0,0,0,7872,268,0,1586
0,0,0,7879,272,0,1425
0,0,0,7885,271,0,1280
0,0,0,7898,274,0,1128
0,0,0,7901,279,0,990
0,0,0,7916,285,0,843
0,0,0,7923,288,0,704
0,0,0,7924,295,0,559
0,0,0,7936,301,0,421
0,0,0,7944,318,0,283
0,0,0,7893,291,0,275
0,0,0,7834,267,0,280
0,0,0,7778,253,0,288
0,0,0,7720,227,0,293
0,0,0,7663,220,0,295
0,0,0,7601,206,0,301
0,0,0,7546,194,0,309
0,0,0,7488,189,0,321
0,0,0,7430,184,0,337
0,0,0,7400,184,0,341
0,0,0,7408,185,0,302
0,0,0,7421,202,0,261
0,0,0,7437,211,0,223
0,0,0,7440,223,0,182
0,0,0,7457,236,0,145
0,0,0,7461,256,0,101
0,0,0,7470,271,0,64
0,0,0,7479,288,0,23
0,0,0,7491,316,0,0
0,0,0,7536,311,0,52
0,0,0,7593,318,0,128
0,0,0,7636,331,0,201
0,0,0,7691,340,0,277
0,0,0,7732,351,0,350
0,0,0,7786,370,0,424
0,0,0,7840,377,0,496
0,0,0,7889,395,0,573
0,0,0,7941,417,0,647
0,0,0,7972,416,0,682
0,0,0,7982,386,0,766
0,0,0,7994,364,0,867
0,0,0,8004,338,0,960
0,0,0,8019,319,0,1071
0,0,0,8020,299,0,1165
0,0,0,8038,275,0,1267
0,0,0,8043,261,0,1375
0,0,0,8051,240,0,1483
0,0,0,8066,247,0,1600
0,0,65,8058,238,0,1440
0,0,141,8053,247,0,1309
0,0,222,8040,258,0,1170
0,0,300,8035,265,0,1040
0,0,380,8025,280,0,906
0,0,453,8012,291,0,778
0,0,534,8010,300,0,648
0,0,610,7996,311,0,524
0,0,691,7988,333,0,399
0,0,684,7993,328,0,371
0,0,604,8002,292,0,359
0,0,523,8014,266,0,354
0,0,446,8019,234,0,349
0,0,366,8030,202,0,348
0,0,291,8041,171,0,344
0,0,212,8049,144,0,340
0,0,132,8052,118,0,338
0,0,53,8063,86,0,337
0,0,0,8068,88,0,355
0,0,0,8011,86,0,314
0,0,0,7960,108,0,272
0,0,0,7896,124,0,229
0,0,0,7847,144,0,191
0,0,0,7787,172,0,149
0,0,0,7735,195,0,105
0,0,0,7672,225,0,63
0,0,0,7626,251,0,28
0,0,0,7566,277,0,0
0,0,0,7501,270,0,0
0,0,0,7447,249,0,0
0,0,0,7387,232,0,0
0,0,0,7322,215,0,0
0,0,0,7258,204,0,0
0,0,0,7196,188,0,3
0,0,0,7135,173,0,5
0,0,0,7076,169,0,7
0,0,0,7013,164,0,9
0,0,0,6961,179,0,18
0,0,0,6996,161,0,180
0,0,0,7031,162,0,369
0,0,0,7065,154,0,547
0,0,0,7099,149,0,734
0,0,0,7136,148,0,910
0,0,0,7170,139,0,1093
0,0,0,7206,132,0,1285
0,0,0,7234,127,0,1466
0,0,0,7273,148,0,1651
0,0,0,7316,144,0,1682
0,0,0,7365,145,0,1674
0,0,0,7409,153,0,1678
0,0,0,7452,166,0,1668
0,0,0,7492,171,0,1676
0,0,0,7533,178,0,1669
0,0,0,7577,189,0,1668
0,0,0,7622,199,0,1673
0,0,0,7665,213,0,1671
0,0,0,7703,225,0,1699
0,0,0,7690,204,0,1805
0,0,0,7682,186,0,1927
0,0,0,7674,169,0,2045
0,0,0,7667,151,0,2162
0,0,0,7657,139,0,2273
0,0,0,7650,130,0,2400
0,0,0,7643,114,0,2512
0,0,0,7630,105,0,2636
0,0,0,7622,95,0,2751
0,0,0,7618,87,0,2593
0,0,0,7621,75,0,2328
0,0,0,7614,62,0,2059
0,0,0,7623,52,0,1800
0,0,0,7620,53,0,1521
0,0,0,7623,41,0,1269
0,0,0,7622,39,0,994
0,0,0,7620,36,0,737
0,0,0,7620,36,0,459
0,0,0,7613,39,0,305
0,0,0,7582,42,0,417
0,0,0,7554,48,0,559
0,0,0,7529,55,0,690
0,0,0,7488,76,0,830
0,0,0,7462,92,0,962
0,0,0,7435,110,0,1100
0,0,0,7399,134,0,1235
0,0,0,7370,156,0,1374
0,0,0,7333,178,0,1520
0,0,0,7331,181,0,1425
0,0,0,7314,187,0,1274
0,0,0,7311,177,0,1104
0,0,0,7296,189,0,960
0,0,0,7292,198,0,805
0,0,0,7275,211,0,654
0,0,0,7266,216,0,495
0,0,0,7254,227,0,348
0,0,0,7249,242,0,193
0,0,0,7275,246,0,166
0,0,0,7390,263,0,363
0,0,0,7508,290,0,560
0,0,0,7625,319,0,773
0,0,0,7737,349,0,971
0,0,0,7856,383,0,1175
0,0,0,7965,404,0,1376
0,0,0,8081,448,0,1585
0,0,0,8196,487,0,1787
0,0,0,8307,543,0,2004
0,0,0,8372,508,0,1900
0,0,0,8431,487,0,1732
0,0,0,8482,461,0,1578
0,0,0,8541,443,0,1420
0,0,0,8600,433,0,1250
0,0,0,8654,419,0,1106
0,0,0,8707,399,0,937
0,0,0,8765,387,0,794
0,0,0,8818,378,0,632
0,0,0,8837,386,0,563
0,0,0,8780,390,0,541
0,0,0,8723,409,0,522
0,0,0,8670,423,0,508
0,0,0,8621,444,0,493
0,0,0,8566,457,0,470
0,0,0,8514,475,0,460
0,0,0,8455,499,0,443
0,0,0,8404,519,0,431
0,0,0,8348,554,0,430
0,0,0,8272,506,0,570
0,0,0,8178,451,0,761
0,0,0,8092,406,0,953
0,0,0,7992,365,0,1152
0,0,0,7917,325,0,1331
0,0,0,7821,280,0,1534
0,0,0,7735,242,0,1723
0,0,0,7638,198,0,1920
0,0,0,7554,165,0,2109
0,0,0,7519,158,0,2141
0,0,0,7560,155,0,1989
0,0,0,7607,169,0,1821
0,0,0,7647,181,0,1683
0,0,0,7698,184,0,1525
0,0,0,7731,196,0,1370
0,0,0,7776,199,0,1230
0,0,0,7821,216,0,1071
0,0,0,7863,225,0,928
0,0,0,7903,255,0,814
0,0,0,7885,237,0,796
0,0,0,7864,220,0,797
0,0,0,7845,217,0,808
0,0,0,7822,220,0,804
0,0,0,7802,217,0,817
0,0,0,7777,215,0,831
0,0,0,7762,217,0,831
0,0,0,7739,214,0,846
0,0,0,7719,213,0,864
0,0,0,7710,208,0,899
0,0,0,7713,196,0,919
0,0,0,7701,196,0,944
0,0,0,7697,186,0,972
0,0,0,7696,178,0,999
0,0,0,7698,184,0,1030
0,0,0,7699,175,0,1054
0,0,0,7696,172,0,1082
0,0,0,7692,188,0,1114
0,0,0,7696,207,0,1155
0,0,0,7789,204,0,1025
0,0,0,7874,202,0,905
0,0,0,7975,206,0,780
0,0,0,8066,206,0,658
0,0,0,8159,203,0,533
0,0,0,8244,202,0,417
0,0,0,8344,206,0,294
0,0,0,8432,213,0,175
0,0,0,8530,221,0,57
0,0,0,8496,209,0,48
0,0,0,8352,188,0,81
0,0,0,8206,173,0,110
0,0,0,8068,159,0,137
0,0,0,7923,149,0,169
0,0,0,7785,140,0,200
0,0,0,7644,127,0,232
0,0,0,7508,118,0,262
0,0,0,7360,116,0,295
0,0,0,7236,127,0,326
0,0,0,7328,122,0,477
0,0,0,7403,121,0,627
0,0,0,7488,128,0,787
0,0,0,7561,139,0,935
0,0,0,7643,154,0,1098
0,0,0,7722,161,0,1249
0,0,0,7804,179,0,1414
0,0,0,7888,193,0,1569
0,0,0,7971,210,0,1736
0,0,0,8029,212,0,1736
0,0,0,8078,196,0,1684
0,0,0,8124,189,0,1640
0,0,0,8170,183,0,1599
0,0,0,8214,171,0,1553
0,0,0,8257,169,0,1502
0,0,0,8303,168,0,1459
0,0,0,8355,168,0,1409
0,0,0,8403,159,0,1369
0,0,0,8434,177,0,1346
0,0,0,8338,175,0,1339
0,0,0,8232,174,0,1335
0,0,0,8138,179,0,1335
0,0,0,8035,175,0,1336
0,0,0,7938,182,0,1326
0,0,0,7841,187,0,1323
0,0,0,7745,187,0,1319
0,0,0,7646,198,0,1323
0,0,0,7548,212,0,1332
0,0,0,7556,200,0,1432
0,0,0,7621,180,0,1588
0,0,0,7678,174,0,1738
0,0,0,7739,166,0,1907
0,0,0,7801,155,0,2055
0,0,0,7860,151,0,2228
0,0,0,7915,152,0,2380
0,0,0,7970,152,0,2551
0,0,0,8031,153,0,2704
0,0,0,8086,155,0,2779
0,0,0,8099,136,0,2684
0,0,0,8112,116,0,2580
0,0,0,8129,97,0,2500
0,0,0,8144,78,0,2406
0,0,0,8156,63,0,2317
0,0,0,8173,48,0,2225
0,0,0,8195,35,0,2137
0,0,0,8207,21,0,2051
0,0,0,8227,14,0,1994
0,0,0,8221,22,0,1854
0,0,0,8214,108,0,1691
0,0,0,8208,194,0,1517
0,0,0,8199,274,0,1358
0,0,0,8196,369,0,1181
0,0,0,8187,457,0,1021
0,0,0,8183,542,0,851
0,0,0,8174,625,0,685
0,0,0,8166,721,0,510
0,0,0,8157,768,0,421
0,0,0,8136,717,0,422
0,0,0,8109,651,0,414
0,0,0,8075,598,0,423
0,0,0,8054,534,0,422
0,0,0,8032,486,0,421
0,0,0,8010,420,0,422
0,0,0,7974,371,0,424
0,0,0,7955,313,0,429
0,0,0,7929,285,0,437
0,0,0,7857,263,0,569
0,0,0,7787,239,0,769
0,0,0,7706,227,0,965
0,0,0,7633,214,0,1163
0,0,0,7557,191,0,1358
0,0,0,7486,178,0,1560
0,0,0,7405,167,0,1765
0,0,0,7344,154,0,1955
0,0,0,7262,148,0,2159
0,0,0,7219,157,0,2217
0,0,0,7263,171,0,1962
0,0,0,7303,192,0,1724
0,0,0,7350,214,0,1465
0,0,0,7390,238,0,1229
0,0,0,7430,262,0,967
0,0,0,7474,285,0,731
0,0,0,7526,310,0,474
0,0,0,7562,332,0,238
0,0,0,7600,367,0,0
0,0,0,7602,334,0,142
0,0,0,7591,292,0,398
0,0,0,7583,245,0,663
0,0,0,7576,201,0,914
0,0,0,7570,158,0,1184
0,0,0,7564,116,0,1425
0,0,0,7550,72,0,1697
0,0,0,7542,31,0,1943
0,0,0,7533,0,0,2213
0,0,0,7538,0,0,2272
0,0,0,7571,0,0,2012
0,0,0,7584,11,0,1768
0,0,0,7619,28,0,1504
0,0,0,7641,45,0,1263
0,0,0,7668,64,0,996
0,0,0,7693,81,0,746
0,0,0,7721,97,0,492
0,0,0,7742,114,0,258
0,0,0,7769,131,0,45
14,0,0,7722,125,0,284
43,0,0,7653,144,0,645
72,0,0,7605,160,0,976
103,0,0,7535,187,0,1332
132,0,0,7477,209,0,1670
164,0,0,7411,243,0,2027
188,0,0,7360,261,0,2358
222,0,0,7296,291,0,2720
253,0,0,7236,331,0,3060
257,0,0,7170,337,0,3117
230,0,0,7097,294,0,2832
191,0,0,7026,256,0,2539
166,0,0,6958,235,0,2249
138,0,0,6879,198,0,1948
108,0,0,6817,165,0,1667
78,0,0,6742,142,0,1369
47,0,0,6668,108,0,1066
18,0,0,6594,79,0,790
0,0,0,6522,87,0,529
56,0,0,6749,112,0,718
131,0,0,6994,145,0,967
200,0,0,7227,192,0,1194
277,0,0,7469,228,0,1444
348,0,0,7702,273,0,1666
424,0,0,7945,320,0,1916
495,0,0,8174,361,0,2147
569,0,0,8422,404,0,2391
642,0,0,8654,449,0,2629
642,0,0,8721,449,0,2670
569,0,0,8623,422,0,2490
495,0,0,8524,397,0,2314
424,0,0,8429,373,0,2141
348,0,0,8320,345,0,1961
277,0,0,8234,318,0,1789
200,0,0,8123,295,0,1600
131,0,0,8027,270,0,1437
56,0,0,7925,251,0,1251
0,0,0,7827,256,0,1117
0,0,0,7775,244,0,1013
0,0,0,7725,240,0,930
0,0,0,7672,242,0,843
0,0,0,7624,238,0,756
0,0,0,7569,236,0,672
0,0,0,7521,240,0,589
0,0,0,7459,241,0,501
0,0,0,7412,244,0,414
0,0,0,7365,249,0,339
0,0,0,7360,249,0,306
0,0,0,7378,249,0,268
0,0,0,7406,247,0,230
0,0,0,7431,244,0,195
0,0,0,7455,247,0,160
0,0,0,7484,244,0,125
0,0,0,7509,246,0,86
0,0,0,7533,244,0,51
0,0,0,7559,245,0,16
0,0,0,7583,252,0,0
0,0,0,7603,225,0,41
0,0,0,7623,206,0,96
0,0,0,7636,182,0,149
0,0,0,7650,163,0,204
0,0,0,7677,145,0,259
0,0,0,7689,121,0,309
0,0,0,7711,105,0,369
0,0,0,7725,83,0,418
0,0,0,7744,81,0,476
0,0,0,7775,81,0,514
0,0,0,7816,97,0,557
0,0,0,7849,127,0,595
0,0,0,7887,162,0,641
0,0,0,7923,199,0,680
0,0,0,7965,233,0,727
0,0,0,8008,269,0,766
0,0,0,8040,313,0,811
0,0,0,8087,343,0,847
0,0,0,8115,381,0,897
0,0,0,8087,349,0,979
0,0,0,8067,341,0,1074
0,0,0,8044,334,0,1162
0,0,0,8024,321,0,1256
0,0,0,7999,323,0,1355
0,0,0,7975,310,0,1442
0,0,0,7948,303,0,1538
0,0,0,7927,299,0,1635
0,0,0,7900,315,0,1730
0,0,0,7941,302,0,1722
0,0,0,8013,274,0,1654
0,0,0,8072,245,0,1592
0,0,0,8141,229,0,1526
0,0,0,8209,208,0,1464
0,0,0,8276,181,0,1396
0,0,0,8347,167,0,1334
0,0,0,8408,143,0,1264
0,0,0,8469,130,0,1207
0,0,0,8495,132,0,1192
0,0,0,8374,136,0,1369
0,0,0,8227,160,0,1558
0,0,0,8102,181,0,1738
0,0,0,7963,196,0,1926
0,0,0,7834,214,0,2106
0,0,0,7696,240,0,2293
0,0,0,7569,264,0,2471
0,0,0,7426,287,0,2662
0,0,0,7305,310,0,2841
0,0,0,7388,294,0,2764
3,0,0,7548,261,0,2630
13,0,0,7722,231,0,2483
20,0,0,7879,204,0,2343
29,0,0,8061,176,0,2196
37,0,0,8220,153,0,2058
44,0,0,8395,132,0,1913
55,0,0,8574,114,0,1762
64,0,0,8732,98,0,1628
70,0,0,8839,102,0,1515
61,0,0,8798,99,0,1469
52,0,0,8765,101,0,1421
41,0,0,8712,102,0,1383
34,0,0,8669,107,0,1336
23,0,0,8627,110,0,1288
16,0,0,8582,126,0,1241
6,0,0,8543,140,0,1200
0,0,0,8496,150,0,1153
0,0,0,8452,169,0,1105
0,0,0,8401,165,0,1048
0,0,0,8351,168,0,991
0,0,0,8298,173,0,937
0,0,0,8251,183,0,887
0,0,0,8195,202,0,826
0,0,0,8149,220,0,775
0,0,0,8102,235,0,722
0,0,0,8048,254,0,667
0,0,0,8000,278,0,622
0,0,0,7976,298,0,613
0,0,0,8018,307,0,542
0,0,0,8060,316,0,475
0,0,0,8094,313,0,403
0,0,0,8136,328,0,336
0,0,0,8179,343,0,266
0,0,0,8215,356,0,198
0,0,0,8258,375,0,129
0,0,0,8304,397,0,64
0,0,0,8337,426,0,0
0,0,0,8400,393,0,8
0,0,0,8476,347,0,36
0,0,0,8551,299,0,74
0,0,0,8617,252,0,113
0,0,0,8682,210,0,154
0,0,0,8756,171,0,188
0,0,0,8827,132,0,233
0,0,0,8897,89,0,271
0,0,0,8965,64,0,312
0,0,0,8949,56,0,316
0,0,0,8796,64,0,277
0,0,0,8647,83,0,239
0,0,0,8488,96,0,199
0,0,0,8333,115,0,162
0,0,0,8171,133,0,120
0,0,0,8027,152,0,88
0,0,0,7869,171,0,46
0,0,0,7719,195,0,16
0,0,0,7557,222,0,0
0,0,0,7633,218,0,69
0,0,0,7745,226,0,190
0,0,0,7847,248,0,308
0,0,0,7953,264,0,429
0,0,0,8057,282,0,551
0,0,0,8167,300,0,678
0,0,0,8262,321,0,797
0,0,0,8373,342,0,914
0,0,0,8472,358,0,1036
0,0,0,8465,361,0,1094
0,0,0,8310,347,0,1108
0,0,0,8144,327,0,1133
0,0,0,7982,324,0,1149
0,0,0,7817,315,0,1168
0,0,0,7647,309,0,1186
0,0,0,7498,302,0,1213
0,0,0,7330,286,0,1229
0,0,0,7167,290,0,1251
0,0,0,7002,301,0,1307
0,0,0,7093,280,0,1168
0,0,0,7210,251,0,1024
0,0,0,7307,234,0,885
0,0,0,7423,215,0,738
0,0,0,7516,197,0,603
0,0,0,7629,176,0,452
0,0,0,7732,157,0,321
0,0,0,7837,147,0,173
0,0,0,7939,133,0,40
0,0,0,8011,125,0,0
0,0,0,8053,133,0,0
0,0,0,8090,148,0,0
0,0,0,8136,166,0,0
0,0,0,8170,187,0,0
0,0,0,8202,218,0,0
0,0,0,8250,241,0,0
0,0,0,8288,263,0,0
0,0,0,8328,298,0,0
0,0,0,8371,329,0,0
0,0,0,8352,312,0,113
0,0,0,8336,296,0,266
0,0,0,8320,278,0,429
0,0,0,8309,264,0,585
0,0,0,8292,246,0,751
0,0,0,8281,230,0,906
0,0,0,8263,221,0,1073
0,0,0,8246,207,0,1228
0,0,0,8233,208,0,1395
0,0,0,8238,207,0,1404
0,0,0,8271,201,0,1312
0,0,0,8282,206,0,1221
0,0,0,8310,211,0,1135
0,0,0,8325,210,0,1042
0,0,0,8350,220,0,956
0,0,0,8371,221,0,870
0,0,0,8391,229,0,785
0,0,0,8410,238,0,695
0,0,0,8431,267,0,648
0,0,0,8418,242,0,612
0,0,0,8401,219,0,586
0,0,0,8392,204,0,568
0,0,0,8381,191,0,546
0,0,0,8365,172,0,524
0,0,0,8355,152,0,504
2,0,0,8342,140,0,478
4,0,0,8319,125,0,459
5,0,0,8314,117,0,449
5,0,0,8287,113,0,447
3,0,0,8248,104,0,473
1,0,0,8215,96,0,498
0,0,0,8178,90,0,521
0,0,0,8146,88,0,553
0,0,0,8109,85,0,579
0,0,0,8067,77,0,603
0,0,0,8033,70,0,636
0,0,0,7992,66,0,657
0,0,0,7959,73,0,701
20,0,0,7980,66,0,789
51,0,0,7994,62,0,890
83,0,0,8003,56,0,996
111,0,0,8023,51,0,1085
146,0,0,8034,46,0,1193
174,0,0,8044,39,0,1288
206,0,0,8050,38,0,1390
234,0,0,8070,36,0,1489
266,0,0,8081,36,0,1601
256,0,0,8118,40,0,1538
223,0,0,8167,98,0,1399
195,0,0,8223,163,0,1258
164,0,0,8268,239,0,1116
132,0,0,8320,305,0,981
102,0,0,8367,379,0,842
71,0,0,8416,444,0,711
39,0,0,8470,520,0,571
13,0,0,8516,592,0,443
0,0,0,8558,640,0,366
0,0,0,8583,591,0,328
0,0,0,8608,534,0,282
0,0,0,8634,491,0,242
0,0,0,8656,437,0,199
0,0,0,8678,390,0,157
0,0,0,8698,348,0,118
0,0,0,8721,307,0,77
0,0,0,8748,259,0,34
0,0,0,8770,242,0,0
0,0,0,8778,221,0,150
0,0,0,8766,199,0,387
0,0,0,8758,185,0,645
0,0,0,8756,174,0,891
0,0,0,8755,154,0,1150
0,0,0,8746,140,0,1396
0,0,0,8737,129,0,1666
0,0,0,8734,114,0,1930
0,0,0,8726,110,0,2174
0,0,0,8690,106,0,2331
0,0,0,8559,104,0,2234
0,0,0,8427,106,0,2122
0,0,0,8304,116,0,2023
0,0,0,8170,131,0,1922
0,0,0,8043,143,0,1829
0,0,0,7905,158,0,1724
0,0,0,7789,172,0,1631
0,0,0,7650,188,0,1527
0,0,0,7518,208,0,1442
0,0,0,7635,186,0,1356
0,0,0,7798,160,0,1300
0,0,0,7970,137,0,1229
0,0,0,8139,114,0,1176
0,0,0,8310,96,0,1112
0,0,0,8466,73,0,1056
0,0,0,8649,51,0,997
0,0,0,8812,37,0,931
0,0,0,8989,39,0,873
0,0,0,9059,46,0,832
0,0,0,8905,58,0,759
0,0,0,8765,78,0,702
0,1,0,8623,99,0,633
0,5,0,8480,111,0,567
0,8,0,8335,128,0,499
0,11,0,8204,144,0,438
0,16,0,8053,162,0,366
0,18,0,7913,177,0,309
0,22,0,7761,200,0,256
0,19,0,7667,180,0,362
0,16,0,7574,160,0,511
0,13,0,7479,138,0,672
0,10,0,7395,120,0,825
0,6,0,7303,103,0,988
0,3,0,7213,89,0,1141
0,0,0,7119,72,0,1302
0,0,0,7030,56,0,1454
0,0,0,6936,40,0,1625
0,0,0,6906,41,0,1665
0,0,0,6993,52,0,1509
0,0,0,7080,70,0,1364
0,0,0,7161,84,0,1223
0,0,0,7238,105,0,1093
0,0,0,7326,127,0,949
0,0,0,7404,146,0,816
0,0,0,7489,165,0,672
0,0,0,7568,188,0,544
0,0,0,7650,216,0,411
0,0,0,7626,193,0,404
0,0,0,7605,181,0,396
0,0,0,7575,171,0,392
0,0,0,7540,163,0,386
0,0,0,7512,156,0,383
0,0,0,7484,147,0,374
0,0,0,7448,146,0,368
0,0,0,7414,143,0,363
0,0,0,7395,143,0,357
0,0,0,7333,147,0,403
0,0,0,7245,128,0,584
0,0,0,7150,116,0,784
0,0,0,7067,113,0,961
0,0,0,6970,116,0,1155
0,0,0,6874,115,0,1356
0,0,0,6786,119,0,1543
0,0,0,6693,124,0,1740
0,0,0,6604,130,0,1938
0,0,0,6513,140,0,2161
0,0,0,6639,165,0,1953
0,0,0,6785,215,0,1746
0,0,0,6930,270,0,1553
0,0,0,7074,314,0,1346
0,0,0,7207,366,0,1161
0,0,0,7361,423,0,952
0,0,0,7493,477,0,765
0,0,0,7640,530,0,560
0,0,0,7779,586,0,373
0,0,0,7838,599,0,375
0,0,0,7802,582,0,558
0,0,0,7774,574,0,755
0,0,0,7736,557,0,949
0,0,0,7705,552,0,1142
0,0,0,7678,549,0,1329
0,0,0,7644,532,0,1536
0,0,0,7613,528,0,1719
0,0,0,7582,522,0,1921
0,0,0,7548,542,0,2104
0,0,0,7570,501,0,2065
0,0,0,7578,472,0,2054
0,0,0,7591,428,0,2046
0,0,0,7607,399,0,2023
0,0,0,7621,378,0,2008
0,0,0,7633,349,0,2004
0,0,0,7644,320,0,1993
0,0,0,7659,297,0,1981
0,0,0,7674,279,0,1976
0,0,0,7709,274,0,1898
0,0,0,7751,273,0,1757
0,0,0,7798,284,0,1607
0,0,0,7842,287,0,1478
0,0,0,7899,309,0,1335
0,0,0,7939,316,0,1201
0,0,0,7982,334,0,1054
0,0,0,8028,349,0,919
0,0,0,8075,368,0,772
0,0,0,8122,398,0,672
0,0,0,8173,382,0,740
0,0,0,8223,370,0,826
0,0,0,8270,367,0,919
0,0,0,8319,355,0,994
0,0,0,8369,348,0,1088
0,0,0,8414,338,0,1172
0,0,0,8461,335,0,1261
0,0,0,8509,334,0,1355
0,0,0,8561,344,0,1456
0,0,0,8569,326,0,1420
0,0,0,8543,296,0,1276
0,0,0,8520,274,0,1148
0,0,0,8494,243,0,1014
0,0,0,8475,218,0,894
0,0,0,8447,194,0,754
0,0,0,8431,171,0,632
0,0,0,8404,148,0,491
0,0,0,8381,129,0,366
0,0,0,8355,131,0,282
0,0,0,8308,141,0,312
0,0,0,8243,170,0,349
0,0,0,8185,187,0,388
0,0,0,8133,211,0,427
0,0,0,8079,235,0,469
0,0,0,8024,256,0,508
0,0,0,7969,285,0,549
0,0,0,7909,306,0,588
0,0,0,7855,342,0,640
0,0,0,7764,317,0,674
0,0,0,7663,298,0,726
0,0,0,7561,280,0,774
0,0,0,7452,266,0,817
0,0,0,7355,246,0,873
0,0,0,7246,224,0,917
0,0,0,7151,207,0,968
0,0,0,7040,192,0,1026
0,0,0,6938,186,0,1070
0,0,0,6896,192,0,1135
0,0,0,7063,178,0,1216
0,0,0,7239,179,0,1317
0,0,0,7398,183,0,1418
0,0,0,7575,179,0,1522
0,0,0,7743,180,0,1625
0,0,0,7922,183,0,1739
0,0,0,8084,182,0,1838
0,0,0,8264,190,0,1941
0,0,0,8432,200,0,2044
0,0,0,8401,198,0,2270
0,0,0,8297,190,0,2542
0,0,0,8185,186,0,2840
0,0,0,8080,187,0,3115
0,0,0,7972,185,0,3409
0,0,0,7870,183,0,3707
0,0,0,7760,181,0,3983
0,0,0,7649,178,0,4273
0,0,0,7546,180,0,4559
0,0,0,7487,192,0,4625
0,0,0,7548,181,0,4135
0,0,0,7619,175,0,3607
0,0,0,7685,170,0,3105
0,0,0,7755,162,0,2582
0,0,0,7822,158,0,2080
0,0,0,7884,153,0,1553
0,0,0,7954,149,0,1060
0,0,0,8021,147,0,529
0,0,0,8086,157,0,53
0,0,0,8084,168,0,179
0,0,0,8055,216,0,453
0,0,0,8032,271,0,756
0,0,0,8007,330,0,1037
0,0,0,7976,392,0,1339
0,0,0,7946,443,0,1609
0,0,0,7920,508,0,1913
0,0,0,7900,562,0,2190
0,0,0,7876,622,0,2492
0,0,0,7827,649,0,2627
0,0,0,7740,595,0,2404
0,0,0,7658,568,0,2217
0,0,0,7559,542,0,1996
0,0,0,7479,508,0,1809
0,0,0,7389,487,0,1599
0,0,0,7302,461,0,1403
0,0,0,7210,435,0,1200
0,0,0,7128,421,0,999
0,0,0,7041,411,0,807
0,0,0,7155,403,0,724
0,0,0,7303,384,0,639
0,0,0,7461,371,0,546
0,0,0,7603,359,0,464
0,0,0,7757,349,0,375
0,0,0,7904,330,0,290
0,0,0,8056,321,0,199
0,0,0,8203,310,0,117
0,0,0,8361,301,0,30
0,0,0,8462,288,0,3
0,0,0,8490,258,0,34
0,0,0,8523,242,0,70
0,0,0,8555,228,0,109
0,0,0,8583,211,0,143
0,0,0,8621,195,0,184
0,0,0,8652,182,0,224
0,0,0,8684,172,0,264
0,0,0,8717,167,0,304
0,0,0,8749,175,0,343
0,0,0,8548,160,0,317
0,0,1,8326,166,0,291
0,0,8,8117,183,0,273
0,0,15,7887,196,0,254
0,0,24,7679,212,0,236
0,0,33,7451,227,0,217
0,0,42,7236,249,0,202
0,0,53,7007,258,0,186
0,0,63,6792,291,0,175
0,0,63,6730,303,0,179
0,0,53,6882,307,0,208
0,0,44,7047,338,0,247
0,0,33,7210,359,0,283
0,0,26,7361,387,0,323
0,0,15,7523,419,0,359
0,0,8,7677,446,0,399
0,0,1,7840,489,0,438
0,0,0,7984,521,0,481
0,0,0,8157,565,0,532
0,0,0,8161,525,0,541
0,0,0,8166,493,0,591
0,0,0,8173,464,0,647
0,0,0,8174,434,0,711
0,0,0,8185,413,0,781
0,0,0,8190,384,0,844
0,0,0,8187,365,0,903
0,0,0,8195,336,0,970
0,0,0,8199,324,0,1036
0,0,0,8193,319,0,1025
0,0,0,8161,282,0,912
0,0,0,8137,257,0,793
0,0,0,8114,232,0,688
0,0,0,8080,199,0,576
0,0,0,8055,175,0,465
0,0,0,8019,145,0,352
0,0,0,7994,123,0,248
0,0,0,7970,100,0,146
0,0,0,7940,99,0,95
0,0,0,7932,107,0,117
0,0,0,7925,125,0,140
0,0,0,7916,148,0,165
0,0,0,7913,172,0,188
0,0,0,7899,200,0,214
0,0,0,7896,226,0,233
0,0,0,7888,250,0,258
0,0,0,7881,281,0,283
0,0,0,7878,306,0,305
0,0,0,7853,308,0,293
0,0,0,7815,295,0,259
0,0,0,7782,283,0,223
0,0,0,7749,276,0,190
0,0,0,7717,262,0,155
0,0,0,7682,259,0,118
0,0,0,7643,246,0,83
0,0,0,7615,239,0,50
0,0,0,7581,235,0,15
0,0,0,7557,245,0,7
3,0,0,7729,236,0,225
16,0,0,7892,243,0,432
28,0,0,8065,260,0,658
39,0,0,8221,275,0,868
51,0,0,8404,289,0,1090
65,0,0,8562,302,0,1302
80,0,0,8741,316,0,1524
89,0,0,8887,338,0,1738
102,0,0,9066,360,0,1961
101,0,0,9074,352,0,1949
86,0,0,8976,330,0,1799
77,0,0,8884,330,0,1664
63,0,0,8781,332,0,1515
50,0,0,8686,326,0,1383
36,0,0,8591,323,0,1233
25,0,0,8502,321,0,1101
14,0,0,8398,325,0,957
1,0,0,8310,329,0,822
0,0,0,8226,341,0,685
0,0,0,8260,298,0,603
0,0,0,8288,267,0,529
0,0,0,8313,226,0,446
0,0,0,8338,194,0,379
0,0,0,8379,162,0,295
0,0,0,8406,137,0,221
0,0,0,8427,100,0,144
0,0,0,8458,76,0,75
0,0,0,8485,78,0,0
0,0,0,8495,86,0,0
0,0,0,8508,113,0,0
0,0,0,8520,148,0,0
0,0,0,8530,180,0,0
0,0,0,8540,217,0,0
0,0,0,8543,253,0,0
0,0,0,8553,295,0,0
0,0,0,8562,329,0,0
0,0,0,8573,378,0,0
0,0,0,8560,411,0,0
0,0,0,8461,393,0,0
0,0,0,8349,368,0,0
0,0,0,8257,351,0,0
0,0,0,8154,321,0,0
0,0,0,8055,309,0,0
0,0,0,7950,285,0,0
0,0,0,7855,266,0,0
0,0,0,7749,248,0,0
0,0,0,7649,236,0,0
0,0,0,7609,209,0,33
0,0,0,7603,215,0,123
0,0,0,7588,215,0,226
0,0,0,7574,222,0,316
0,0,0,7571,233,0,421
0,0,0,7557,243,0,524
0,0,0,7548,261,0,616
0,0,0,7535,266,0,715
0,0,0,7527,284,0,818
0,0,0,7525,319,0,880
0,0,0,7544,338,0,902
0,0,0,7571,362,0,933
0,0,0,7590,394,0,962
0,0,0,7613,424,0,989
0,0,0,7632,455,0,1015
0,0,0,7655,482,0,1042
0,0,0,7676,513,0,1075
0,0,0,7698,549,0,1103
0,0,0,7723,588,0,1141
0,0,0,7688,552,0,1158
0,0,0,7657,505,0,1156
0,0,0,7621,459,0,1157
0,0,0,7580,423,0,1166
0,0,0,7543,381,0,1165
0,0,0,7507,343,0,1169
0,0,0,7463,302,0,1170
0,0,0,7422,268,0,1179
0,0,0,7381,232,0,1183
0,0,0,7375,245,0,1169
0,0,0,7424,280,0,1077
0,0,0,7472,318,0,991
0,0,0,7514,372,0,903
0,0,0,7566,415,0,822
0,0,0,7617,471,0,732
0,0,0,7663,518,0,645
0,0,0,7713,568,0,558
0,0,0,7756,624,0,470
0,0,0,7807,679,0,390
0,0,0,7852,619,0,502
0,0,0,7880,549,0,664
0,0,0,7914,463,0,842
0,0,0,7946,391,0,1012
0,0,0,7990,320,0,1190
0,0,0,8021,240,0,1364
0,0,0,8059,166,0,1554
0,0,0,8096,101,0,1716
0,0,0,8125,26,0,1903
0,0,0,8152,18,0,1977
0,0,0,8159,26,0,1843
0,0,0,8166,39,0,1719
0,0,0,8169,51,0,1591
0,0,0,8179,66,0,1460
0,0,0,8181,84,0,1327
0,0,0,8188,101,0,1208
0,0,0,8191,118,0,1076
0,0,0,8200,137,0,953
0,0,0,8208,155,0,831
0,0,0,8217,161,0,765
0,0,0,8236,175,0,710
0,0,0,8249,198,0,669
0,0,0,8260,215,0,625
0,0,0,8275,234,0,582
0,0,0,8287,256,0,536
0,0,0,8302,277,0,501
0,0,0,8319,299,0,457
0,0,0,8331,321,0,423
0,0,0,8311,321,0,418
0,0,0,8262,298,0,418
0,0,0,8205,283,0,429
0,0,0,8144,269,0,430
0,0,0,8097,253,0,435
0,0,0,8040,242,0,432
0,0,0,7987,229,0,448
0,0,0,7926,219,0,445
0,0,0,7878,207,0,456
0,0,0,7816,218,0,490
0,0,0,7883,199,0,561
0,0,0,7958,202,0,686
0,0,0,8032,208,0,803
0,0,0,8101,215,0,934
0,0,0,8166,227,0,1059
0,0,0,8233,238,0,1185
0,0,0,8301,247,0,1309
0,0,0,8375,260,0,1437
0,0,0,8447,277,0,1561
0,0,14,8454,284,0,1592
0,0,76,8414,266,0,1531
0,0,142,8368,261,0,1484
0,0,204,8328,259,0,1427
0,0,271,8278,256,0,1381
0,0,329,8238,262,0,1327
0,0,398,8199,265,0,1277
0,0,462,8146,266,0,1226
0,0,524,8104,271,0,1177
0,0,586,8067,294,0,1162
0,0,522,8146,270,0,1069
0,0,462,8211,255,0,1008
0,0,391,8291,248,0,954
0,0,329,8362,240,0,896
0,0,266,8436,232,0,842
0,0,198,8512,224,0,786
0,0,136,8590,214,0,719
0,0,72,8660,210,0,668
0,0,9,8735,215,0,628
0,0,0,8737,205,0,595
0,0,0,8682,215,0,529
0,0,0,8622,230,0,450
0,0,0,8571,254,0,386
0,0,0,8521,279,0,315
0,0,0,8463,300,0,245
0,0,0,8407,328,0,171
0,0,0,8355,350,0,105
0,0,0,8299,396,0,33
0,0,0,8256,437,0,0
0,0,0,8306,393,0,180
0,0,0,8364,361,0,373
0,0,0,8416,329,0,583
0,0,0,8467,294,0,774
0,0,0,8524,264,0,987
0,0,0,8574,239,0,1179
0,0,0,8627,213,0,1392
0,0,0,8679,184,0,1582
0,0,0,8731,164,0,1796
0,0,0,8730,159,0,1825
0,0,0,8679,157,0,1820
0,0,0,8628,159,0,1823
0,0,0,8579,161,0,1828
0,0,0,8535,176,0,1827
0,0,0,8484,177,0,1837
0,0,0,8436,186,0,1834
0,0,0,8398,198,0,1852
0,0,0,8349,205,0,1853
0,0,0,8309,209,0,1844
64,0,0,8348,184,0,1637
128,0,0,8381,160,0,1449
197,0,0,8419,135,0,1258
258,0,0,8457,114,0,1077
329,0,0,8497,95,0,879
394,0,0,8528,70,0,705
461,0,0,8567,53,0,503
524,0,0,8608,39,0,329
595,0,0,8648,29,0,166
567,0,0,8665,38,0,223
501,0,0,8682,61,0,395
436,0,0,8698,95,0,547
365,0,0,8716,123,0,725
304,0,0,8731,153,0,886
237,0,0,8747,186,0,1063
174,0,0,8764,219,0,1225
103,0,0,8778,253,0,1393
39,0,0,8794,286,0,1567
0,0,0,8791,306,0,1671
0,0,0,8713,288,0,1524
0,0,0,8637,290,0,1382
0,0,0,8563,279,0,1254
0,0,0,8482,282,0,1114
0,0,0,8404,278,0,978
0,0,0,8327,283,0,841
0,0,0,8247,282,0,708
0,0,0,8175,285,0,573
0,0,0,8099,294,0,457
0,0,0,8085,270,0,535
0,0,0,8104,237,0,704
0,0,0,8125,203,0,894
0,0,0,8136,175,0,1079
0,0,0,8157,150,0,1262
0,0,0,8176,121,0,1456
0,0,0,8192,97,0,1635
0,0,0,8211,74,0,1819
0,0,0,8228,58,0,1999
0,0,0,8276,57,0,2103
0,0,0,8400,50,0,1974
0,0,0,8530,42,0,1849
0,0,0,8654,44,0,1728
0,0,0,8792,43,0,1605
0,0,0,8912,48,0,1483
0,0,0,9042,47,0,1357
0,0,0,9164,49,0,1239
0,0,0,9299,60,0,1115
0,0,0,9420,67,0,1018
0,0,0,9382,63,0,987
0,0,0,9303,86,0,963
0,0,0,9219,109,0,929
0,0,0,9142,138,0,915
0,0,0,9058,165,0,895
0,0,0,8978,196,0,868
0,0,0,8895,223,0,845
0,0,0,8811,259,0,824
0,0,0,8733,297,0,800
0,0,0,8669,316,0,787
42,0,0,8631,305,0,692
85,0,0,8599,294,0,611
132,0,0,8563,283,0,515
172,0,0,8527,272,0,427
220,0,0,8492,270,0,333
262,0,0,8461,271,0,247
310,0,0,8429,264,0,155
354,0,0,8386,262,0,66
397,0,0,8352,263,0,0
361,0,0,8336,272,0,98
319,0,0,8321,294,0,250
274,0,0,8297,331,0,424
230,0,0,8293,366,0,576
189,0,0,8272,396,0,759
144,0,0,8256,436,0,909
100,0,0,8238,475,0,1089
59,0,0,8218,506,0,1246
14,0,0,8204,551,0,1419
0,0,0,8205,572,0,1515
0,0,0,8219,515,0,1533
0,0,0,8238,485,0,1543
0,0,0,8261,451,0,1565
0,0,0,8281,419,0,1579
0,0,0,8299,397,0,1592
0,0,0,8322,365,0,1601
0,0,0,8343,337,0,1623
0,0,0,8362,324,0,1634
0,0,0,8378,313,0,1688
0,0,0,8446,290,0,1540
0,0,0,8514,256,0,1351
0,0,0,8580,241,0,1178
0,0,0,8657,216,0,988
0,0,0,8718,198,0,811
0,0,0,8797,176,0,626
0,0,0,8862,150,0,451
0,0,0,8932,135,0,263
0,0,0,9002,128,0,90
0,0,0,9030,136,0,0
0,0,0,9008,146,0,0
0,0,0,8988,154,0,4
0,0,0,8965,168,0,11
0,0,0,8941,180,0,15
0,0,0,8916,188,0,21
0,0,0,8892,203,0,26
0,0,0,8867,216,0,35
0,0,0,8843,225,0,40
0,0,0,8820,250,0,47
0,0,0,8802,222,0,40
0,0,0,8769,192,0,35
0,0,0,8751,164,0,27
0,0,0,8722,129,0,21
0,0,0,8704,102,0,15
0,0,0,8679,68,0,11
0,0,0,8649,45,0,5
0,0,0,8629,12,0,0
0,0,0,8607,0,0,0
0,0,0,8594,0,0,43
0,0,0,8593,0,0,161
0,0,0,8589,8,0,290
0,0,0,8596,18,0,405
0,0,0,8597,29,0,533
0,0,0,8589,40,0,655
0,0,0,8591,50,0,786
0,0,0,8594,62,0,903
0,0,0,8590,72,0,1032
0,0,0,8596,85,0,1154
0,0,0,8527,72,0,1031
0,0,0,8468,68,0,926
0,0,0,8393,66,0,817
0,0,0,8333,75,0,719
0,0,0,8262,78,0,614
0,0,0,8195,83,0,501
0,0,0,8134,90,0,402
0,0,0,8068,100,0,295
0,0,0,8005,118,0,203
0,0,0,7997,128,0,167
0,0,0,8037,147,0,155
0,0,0,8081,181,0,147
0,0,0,8114,217,0,143
0,0,0,8161,252,0,140
0,0,0,8195,277,0,135
0,0,0,8245,310,0,132
0,0,0,8281,340,0,127
0,0,0,8323,377,0,121
0,0,0,8363,412,0,117
0,0,0,8402,377,0,116
0,0,0,8446,357,0,135
0,0,0,8489,340,0,149
0,0,0,8520,325,0,166
0,0,0,8570,302,0,182
0,0,0,8616,291,0,194
0,0,0,8662,278,0,209
0,0,0,8709,268,0,230
0,0,0,8745,264,0,254
0,0,0,8789,255,0,246
0,0,0,8840,223,0,212
0,0,0,8890,194,0,185
0,0,0,8942,165,0,156
0,0,0,8987,140,0,129
0,0,0,9039,116,0,100
0,0,0,9085,92,0,70
0,0,0,9138,66,0,41
0,0,0,9188,42,0,17
0,0,0,9233,38,0,5
0,0,0,9210,33,0,111
0,0,0,9194,26,0,216
0,0,0,9174,18,0,328
0,0,0,9157,12,0,441
0,0,0,9141,6,0,557
0,0,0,9128,1,0,665
0,0,0,9110,0,0,788
0,0,0,9089,0,0,894
0,0,0,9077,0,0,1017
0,0,0,9071,1,0,1000
0,0,0,9080,22,0,924
0,0,0,9081,51,0,852
0,0,0,9090,86,0,777
0,0,0,9097,121,0,712
0,0,0,9103,153,0,631
0,0,0,9119,194,0,564
0,0,0,9116,228,0,491
0,0,0,9122,267,0,421
0,0,0,9109,286,0,371
0,0,0,9045,264,0,349
0,0,0,8960,238,0,333
0,0,0,8889,224,0,318
0,0,0,8812,204,0,308
0,0,0,8735,198,0,293
0,0,0,8654,180,0,283
0,0,0,8586,168,0,275
0,0,0,8507,163,0,261
0,0,0,8429,171,0,251
0,0,0,8378,165,0,384
0,0,0,8332,163,0,566
0,0,0,8286,183,0,764
0,0,0,8236,196,0,963
0,0,0,8195,209,0,1146
0,0,0,8148,223,0,1339
0,0,0,8103,237,0,1529
0,0,0,8059,251,0,1729
0,0,0,8011,274,0,1912
0,0,0,7986,298,0,1993
20,0,0,8003,279,0,1781
48,0,0,8020,257,0,1549
73,0,0,8034,248,0,1339
102,0,0,8049,231,0,1107
128,0,0,8069,216,0,896
156,0,0,8084,200,0,664
182,0,0,8106,186,0,454
210,0,0,8122,171,0,226
237,0,0,8136,157,0,23
223,0,0,8210,138,0,71
197,0,0,8284,116,0,175
166,0,0,8374,96,0,291
140,0,0,8453,75,0,396
111,0,0,8546,54,0,510
85,0,0,8620,37,0,615
59,0,0,8711,29,0,731
34,0,0,8789,19,0,836
5,0,0,8877,16,0,949
0,0,0,8902,21,0,992
0,0,0,8826,40,0,937
0,0,0,8750,59,0,910
0,0,0,8672,83,0,872
0,0,0,8602,107,0,849
0,0,0,8513,137,0,810
0,0,0,8435,164,0,775
0,0,0,8365,191,0,752
0,0,0,8281,217,0,723
0,0,0,8210,245,0,696
0,0,0,8278,224,0,635
0,0,0,8365,197,0,554
0,0,0,8464,174,0,469
0,0,0,8552,146,0,394
0,0,0,8642,122,0,315
0,0,0,8729,97,0,242
0,0,0,8824,70,0,167
0,0,0,8909,43,0,86
0,0,0,9011,22,0,23
0,0,0,9080,18,0,37
0,0,0,9152,36,0,176
0,0,0,9210,65,0,323
0,0,0,9276,99,0,479
0,0,0,9340,138,0,626
0,0,0,9407,178,0,783
0,0,0,9470,217,0,931
0,0,0,9537,266,0,1100
0,0,0,9599,307,0,1245
0,0,0,9667,358,0,1408
0,0,0,9485,349,0,1366
0,0,0,9267,357,0,1334
0,0,0,9073,366,0,1303
0,0,0,8855,366,0,1275
0,0,0,8659,385,0,1250
0,0,0,8444,405,0,1219
0,0,0,8243,421,0,1195
0,0,0,8020,435,0,1174
0,0,0,7827,450,0,1154
0,0,0,7781,456,0,1154
0,0,0,7960,397,0,1145
0,0,0,8128,357,0,1137
0,0,0,8313,310,0,1129
0,0,0,8478,268,0,1120
0,0,0,8661,219,0,1116
0,0,0,8827,188,0,1108
0,0,0,9007,149,0,1098
0,0,0,9171,117,0,1101
0,0,0,9358,109,0,1112
0,0,0,9379,128,0,1032
0,0,0,9403,173,0,963
0,0,0,9420,205,0,909
0,0,0,9448,241,0,851
0,0,0,9459,278,0,795
0,0,0,9486,325,0,730
0,0,0,9508,360,0,676
0,0,0,9531,409,0,615
0,0,0,9548,457,0,558
0,0,0,9533,457,0,598
0,0,0,9477,412,0,721
0,0,0,9421,379,0,850
0,0,0,9365,348,0,980
0,0,0,9302,326,0,1115
0,0,0,9249,294,0,1243
0,0,0,9187,267,0,1382
0,0,0,9132,245,0,1506
0,0,0,9080,224,0,1645
0,0,0,9015,219,0,1790
3,0,0,8976,211,0,1622
18,0,0,8937,215,0,1478
32,0,0,8892,217,0,1317
48,0,0,8849,222,0,1161
63,0,0,8812,223,0,1020
79,0,0,8765,227,0,860
93,0,0,8730,236,0,721
110,0,0,8684,239,0,566
124,0,0,8640,259,0,422
122,0,0,8623,262,0,363
108,0,0,8618,279,0,343
90,0,0,8626,305,0,320
78,0,0,8630,333,0,304
61,0,0,8622,357,0,287
48,0,0,8633,390,0,265
31,0,0,8633,426,0,250
18,0,0,8638,455,0,230
1,0,0,8644,487,0,212
0,0,0,8651,536,0,213
0,0,0,8805,469,0,197
0,0,0,8958,431,0,189
0,0,0,9121,390,0,183
0,0,0,9274,343,0,177
0,0,0,9434,304,0,175
0,0,0,9584,258,0,170
0,0,0,9744,215,0,167
0,0,0,9893,179,0,164
0,0,0,10051,155,0,168
0,0,0,10070,151,0,188
0,0,0,10014,160,0,258
0,0,0,9952,169,0,324
0,0,0,9894,177,0,403
0,0,0,9831,192,0,472
0,0,0,9772,216,0,542
0,0,0,9714,228,0,618
0,0,0,9653,244,0,692
0,0,0,9586,265,0,773
0,0,0,9518,281,0,832
0,0,0,9399,264,0,749
0,0,0,9285,267,0,683
0,0,0,9165,275,0,621
0,0,0,9047,284,0,562
0,0,0,8927,289,0,495
0,0,0,8817,295,0,440
0,0,0,8695,305,0,377
0,0,0,8583,312,0,317
0,0,0,8465,335,0,268
0,0,0,8442,332,0,261
0,0,0,8459,343,0,260
0,0,0,8477,360,0,268
0,0,0,8495,385,0,271
0,0,0,8510,413,0,278
0,0,0,8525,437,0,282
0,0,0,8542,459,0,291
0,0,0,8561,489,0,298
0,0,0,8578,524,0,314
0,0,0,8601,546,0,333
0,0,0,8624,509,0,295
0,0,8,8658,479,0,256
0,0,18,8685,447,0,218
0,0,31,8704,421,0,181
0,0,41,8732,388,0,144
0,0,53,8764,370,0,107
0,0,63,8787,341,0,70
0,0,76,8809,324,0,29
0,0,89,8840,325,0,0
0,0,81,8827,305,0,43
0,0,70,8792,275,0,138
4,0,63,8769,242,0,232
11,0,48,8735,210,0,338
16,0,36,8712,179,0,432
22,0,23,8679,152,0,528
28,0,12,8653,118,0,631
36,0,3,8622,93,0,729
40,0,0,8594,76,0,826
42,0,0,8601,72,0,888
36,0,0,8711,85,0,915
32,0,0,8829,111,0,945
24,0,0,8931,137,0,965
20,0,0,9052,167,0,994
14,0,0,9157,194,0,1022
6,0,0,9265,228,0,1048
1,0,0,9375,256,0,1083
0,0,0,9493,294,0,1117
0,0,0,9597,336,0,1161
0,0,0,9613,319,0,1279
0,0,0,9601,302,0,1475
0,0,0,9591,287,0,1703
0,0,0,9579,283,0,1904
0,0,0,9568,280,0,2136
0,0,0,9552,265,0,2346
0,0,0,9545,254,0,2571
0,0,0,9538,252,0,2784
0,0,0,9521,245,0,3011
0,0,0,9450,247,0,3062
0,0,0,9225,226,0,2715
0,0,0,9011,210,0,2395
0,0,0,8781,198,0,2050
0,0,0,8571,186,0,1729
0,0,0,8343,173,0,1389
0,0,0,8113,167,0,1034
0,0,0,7905,159,0,725
0,0,0,7674,148,0,389
0,0,0,7464,153,0,114
0,0,183,7470,137,0,252
8,0,401,7510,119,0,452
18,0,635,7557,105,0,660
29,0,851,7598,89,0,859
40,0,1087,7638,76,0,1071
48,0,1305,7685,63,0,1264
63,0,1538,7730,47,0,1470
74,0,1754,7767,33,0,1669
85,0,1989,7814,28,0,1887
89,0,2042,7875,35,0,1934
77,0,1807,7967,35,0,1705
65,0,1587,8051,35,0,1499
54,0,1355,8150,40,0,1276
42,0,1137,8235,43,0,1065
32,0,903,8328,47,0,841
20,0,684,8418,53,0,634
11,0,449,8504,56,0,411
0,0,233,8593,60,0,207
0,0,0,8688,65,0,0
0,0,0,8731,62,0,135
0,0,0,8765,80,0,328
0,0,0,8806,94,0,511
0,0,0,8842,125,0,708
0,0,0,8879,142,0,892
0,0,0,8922,166,0,1089
0,0,0,8961,182,0,1276
0,0,0,9001,208,0,1470
0,0,0,9044,242,0,1669
0,0,0,9048,246,0,1751
0,0,0,9028,222,0,1729
0,0,0,9014,207,0,1711
0,0,0,8984,188,0,1694
0,0,0,8966,171,0,1677
0,0,0,8944,159,0,1659
0,0,0,8934,141,0,1640
0,0,2,8908,129,0,1625
0,0,4,8887,118,0,1610
0,0,6,8866,117,0,1613
0,0,5,8933,107,0,1467
0,0,2,9009,99,0,1334
0,0,0,9068,94,0,1205
0,0,0,9152,91,0,1074
0,0,0,9214,87,0,946
0,0,0,9290,85,0,815
0,0,0,9355,84,0,689
0,0,0,9427,79,0,559
0,0,0,9494,85,0,436
0,0,0,9501,85,0,368
0,0,0,9443,80,0,328
0,0,0,9385,78,0,282
0,0,0,9335,74,0,241
0,0,0,9275,67,0,194
0,0,0,9217,63,0,155
0,0,0,9159,61,0,109
0,0,0,9105,62,0,69
0,0,0,9044,63,0,23
0,0,0,8985,67,0,1
0,0,0,9011,58,0,23
0,0,0,9033,58,0,68
0,0,0,9060,71,0,118
0,0,0,9079,76,0,170
0,0,0,9099,88,0,221
0,0,0,9123,101,0,272
0,0,0,9144,114,0,320
0,0,0,9162,128,0,374
0,0,0,9187,149,0,421
0,0,0,9176,153,0,482
0,0,0,9141,149,0,578
0,0,0,9102,146,0,700
0,0,0,9076,154,0,810
0,0,0,9034,162,0,922
0,0,0,9007,162,0,1038
0,0,0,8972,169,0,1160
0,0,0,8941,177,0,1274
0,0,0,8906,186,0,1402
0,0,0,8881,189,0,1520
0,0,0,9032,195,0,1636
0,0,0,9176,212,0,1773
0,0,0,9328,231,0,1912
0,0,0,9468,254,0,2047
0,0,0,9623,284,0,2195
0,0,0,9760,309,0,2326
0,0,0,9922,325,0,2477
0,0,0,10049,356,0,2611
0,0,0,10208,383,0,2765
0,0,0,10207,377,0,2727
0,0,0,10122,369,0,2558
0,0,0,10034,352,0,2402
0,0,0,9943,338,0,2230
0,0,0,9856,332,0,2071
0,0,0,9768,325,0,1905
0,0,0,9679,313,0,1730
0,0,0,9595,304,0,1574
0,0,0,9503,299,0,1411
0,0,0,9426,309,0,1282
0,0,0,9370,319,0,1175
0,0,0,9314,335,0,1088
0,0,0,9257,362,0,995
0,0,0,9198,401,0,907
0,0,0,9146,431,0,815
0,0,0,9085,465,0,727
0,0,0,9030,496,0,627
0,0,0,8978,528,0,544
0,0,0,8914,572,0,462
0,0,0,8863,545,0,437
1,0,0,8802,487,0,414
6,0,0,8741,423,0,392
14,0,0,8678,367,0,378
18,0,0,8623,311,0,365
24,0,0,8560,247,0,345
32,0,0,8509,193,0,331
36,0,0,8441,143,0,315
41,0,0,8381,98,0,299
45,0,0,8374,92,0,321
39,0,0,8533,84,0,435
34,0,0,8715,87,0,567
28,0,0,8883,87,0,682
21,0,0,9066,87,0,806
17,0,0,9228,89,0,934
10,0,0,9403,91,0,1054
4,0,0,9566,93,0,1178
0,0,0,9744,97,0,1305
0,0,0,9911,97,0,1430
0,0,0,9930,94,0,1376
0,0,0,9877,101,0,1282
0,0,0,9831,103,0,1201
0,0,0,9776,111,0,1110
0,0,0,9733,113,0,1028
0,0,0,9685,125,0,939
0,0,0,9644,133,0,859
0,0,0,9581,144,0,769
0,0,0,9540,162,0,690
0,0,0,9491,170,0,660
0,0,0,9474,161,0,739
0,0,0,9447,170,0,837
0,0,0,9428,171,0,916
0,0,0,9415,178,0,1025
0,0,0,9394,185,0,1109
0,0,0,9371,193,0,1209
0,0,0,9351,204,0,1301
0,0,0,9336,215,0,1398
0,0,0,9308,222,0,1504
0,0,0,9316,224,0,1421
0,0,0,9325,225,0,1293
0,0,0,9341,229,0,1165
0,0,0,9348,225,0,1047
0,0,0,9363,229,0,918
0,0,0,9371,228,0,801
0,0,0,9384,235,0,681
0,0,0,9395,241,0,567
0,0,0,9406,250,0,450
0,0,0,9438,255,0,386
0,0,0,9540,249,0,390
0,0,0,9631,239,0,396
0,0,0,9730,231,0,404
0,0,0,9836,236,0,412
0,0,0,9929,228,0,426
0,0,0,10031,232,0,439
0,0,0,10118,236,0,450
0,0,0,10219,233,0,467
0,0,0,10318,246,0,501
0,0,0,10165,221,0,658
0,0,0,9983,193,0,842
0,0,0,9790,165,0,1034
0,0,0,9613,140,0,1223
0,0,0,9419,115,0,1416
0,0,0,9249,96,0,1603
0,0,0,9060,69,0,1806
0,0,0,8877,53,0,1986
0,0,0,8685,43,0,2191
0,0,0,8578,44,0,2227
0,0,0,8580,45,0,1996
0,0,4,8587,48,0,1792
0,0,11,8588,52,0,1571
0,0,18,8591,58,0,1363
0,0,29,8602,68,0,1148
0,0,38,8606,77,0,941
0,0,48,8614,87,0,719
0,0,56,8618,96,0,515
0,0,68,8621,108,0,316
0,0,56,8785,101,0,290
0,0,49,8974,98,0,274
0,0,39,9148,106,0,268
0,0,30,9338,111,0,251
0,0,22,9512,118,0,248
0,0,13,9705,121,0,235
0,0,5,9875,128,0,225
0,0,0,10064,140,0,215
0,0,0,10259,154,0,210
0,0,0,10255,158,0,215
0,0,0,10035,174,0,246
0,0,0,9833,205,0,279
0,0,0,9612,232,0,310
0,0,0,9406,257,0,342
0,0,0,9189,293,0,375
0,0,0,8983,316,0,401
0,0,0,8752,347,0,439
0,0,0,8555,383,0,474
0,0,0,8337,438,0,522
0,0,0,8365,391,0,493
0,0,0,8388,340,0,478
0,0,0,8416,303,0,460
0,0,0,8446,262,0,450
0,0,0,8477,220,0,434
0,0,0,8505,178,0,423
0,0,0,8536,141,0,410
0,0,0,8562,100,0,398
0,0,0,8590,64,0,387
0,0,0,8615,57,0,426
0,0,0,8640,84,0,525
0,0,0,8658,115,0,629
0,0,0,8685,150,0,727
0,0,0,8706,189,0,833
0,0,0,8726,218,0,937
0,0,0,8745,264,0,1044
0,0,0,8772,296,0,1142
0,0,0,8801,337,0,1247
0,0,0,8822,376,0,1352
5,0,0,8996,337,0,1371
20,0,0,9163,309,0,1413
37,0,0,9322,284,0,1454
54,0,0,9493,257,0,1506
69,0,0,9650,234,0,1548
89,0,0,9821,209,0,1596
103,0,0,9987,187,0,1651
120,0,0,10154,167,0,1698
139,0,0,10307,157,0,1743
135,0,0,10269,160,0,1695
117,0,0,10095,196,0,1562
101,0,0,9899,255,0,1429
85,0,0,9725,323,0,1303
67,0,0,9520,386,0,1165
49,0,0,9346,449,0,1040
33,0,0,9147,520,0,902
18,0,0,8970,575,0,773
2,0,0,8773,652,0,642
0,0,0,8614,719,0,561
0,0,0,8709,638,0,635
0,0,0,8791,563,0,716
0,0,0,8887,501,0,802
0,0,0,8968,435,0,889
0,0,0,9057,356,0,975
0,0,0,9143,292,0,1061
0,0,0,9231,224,0,1147
0,0,0,9315,159,0,1229
0,0,0,9408,115,0,1313
0,0,0,9447,110,0,1310
0,0,0,9461,121,0,1281
0,0,0,9484,136,0,1255
0,0,0,9498,158,0,1224
0,0,0,9518,186,0,1199
0,0,0,9532,209,0,1166
0,0,0,9546,233,0,1142
0,0,0,9570,262,0,1109
0,0,0,9583,292,0,1085
0,0,0,9606,322,0,1077
0,0,0,9624,329,0,954
0,0,0,9640,347,0,838
0,0,0,9664,361,0,715
0,0,0,9680,382,0,607
0,0,0,9697,412,0,482
0,0,0,9721,441,0,368
0,0,0,9738,466,0,244
0,0,0,9759,484,0,137
0,0,0,9777,528,0,14
0,0,0,9734,506,0,7
0,0,0,9672,439,0,43
0,0,0,9603,379,0,84
0,0,0,9528,321,0,131
0,0,0,9457,253,0,171
0,0,0,9397,194,0,215
0,0,0,9329,138,0,257
0,0,0,9258,86,0,299
0,0,0,9188,26,0,347
0,0,0,9148,29,0,389
0,0,0,9226,26,0,512
0,0,0,9304,23,0,658
0,0,0,9371,24,0,800
0,0,0,9453,25,0,944
0,0,0,9527,26,0,1083
0,0,0,9595,31,0,1228
0,0,0,9671,31,0,1369
0,0,0,9746,35,0,1524
0,0,0,9826,42,0,1691
0,0,0,9801,50,0,1797
2,0,0,9747,78,0,1975
9,0,0,9694,108,0,2124
16,0,0,9638,132,0,2304
20,0,0,9579,164,0,2460
28,0,0,9522,196,0,2639
33,0,0,9470,227,0,2804
42,0,0,9418,254,0,2988
51,0,0,9365,290,0,3145
51,0,0,9339,303,0,3261
44,0,0,9390,281,0,3204
38,0,0,9451,279,0,3157
32,0,0,9507,288,0,3124
25,0,0,9556,279,0,3076
18,0,0,9613,289,0,3045
12,0,0,9668,291,0,3006
5,0,0,9724,296,0,2961
0,0,0,9780,303,0,2929
0,0,0,9834,310,0,2905
0,0,0,9825,307,0,2790
0,0,0,9795,313,0,2652
0,0,0,9768,323,0,2510
0,0,0,9734,333,0,2370
0,0,0,9708,344,0,2224
0,0,0,9683,353,0,2086
0,0,0,9653,358,0,1938
0,0,0,9623,376,0,1802
0,0,0,9596,393,0,1667
0,0,0,9581,394,0,1582
0,0,0,9600,374,0,1519
0,0,0,9619,357,0,1472
0,0,0,9637,343,0,1433
0,0,0,9656,331,0,1390
0,0,0,9671,327,0,1341
0,0,0,9687,313,0,1301
0,0,0,9705,301,0,1260
0,0,0,9724,290,0,1218
0,0,0,9738,296,0,1191
0,0,0,9764,268,0,1327
0,0,0,9775,248,0,1487
0,0,1,9790,235,0,1656
0,0,5,9812,226,0,1817
0,0,12,9828,219,0,1989
0,0,16,9842,201,0,2155
0,0,23,9862,196,0,2331
0,0,30,9872,188,0,2496
0,0,37,9890,192,0,2676
0,0,38,9906,200,0,2710
0,0,32,9933,179,0,2495
0,0,25,9958,160,0,2307
0,0,20,9979,150,0,2105
0,0,13,10006,135,0,1922
0,0,7,10032,123,0,1729
0,0,3,10056,109,0,1548
0,0,0,10083,94,0,1342
0,0,0,10105,87,0,1154
0,0,0,10130,93,0,959
0,0,0,10081,87,0,1266
0,0,0,10023,72,0,1620
0,0,0,9971,71,0,1959
0,0,0,9914,65,0,2323
0,0,0,9864,59,0,2669
0,0,0,9802,53,0,3031
0,0,0,9748,49,0,3393
0,0,0,9693,48,0,3732
0,0,0,9634,57,0,4110
0,0,0,9565,58,0,4112
0,0,0,9475,68,0,3657
0,0,0,9384,94,0,3234
0,0,0,9290,119,0,2785
0,0,0,9207,145,0,2363
0,0,0,9111,174,0,1917
0,0,0,9023,200,0,1498
0,0,0,8930,225,0,1054
0,0,0,8839,253,0,639
0,0,0,8754,289,0,250
8,0,0,8518,268,0,357
28,0,0,8274,267,0,515
48,0,0,8050,267,0,663
69,0,0,7807,266,0,821
89,0,0,7580,271,0,977
111,0,0,7342,266,0,1138
131,0,0,7112,270,0,1292
152,0,0,6867,271,0,1451
173,0,0,6638,276,0,1607
173,0,41,6201,273,0,1663
152,0,211,5613,285,0,1642
131,0,422,4981,310,0,1628
111,0,615,4387,334,0,1603
89,0,852,3754,353,0,1589
69,0,1049,3168,392,0,1577
48,0,1275,2529,417,0,1560
28,0,1484,1939,438,0,1551
8,0,1697,1308,485,0,1541
0,0,1910,722,515,0,1562
0,0,2525,634,571,0,1390
0,0,3266,551,643,0,1210
0,0,3926,474,721,0,1041
0,0,4644,387,800,0,877
0,0,5310,315,867,0,718
0,0,6029,229,950,0,546
0,0,6695,150,1029,0,393
0,0,7407,72,1116,0,220
0,0,8069,11,1197,0,72
23,0,9063,0,1159,0,41
109,0,10159,0,1032,0,34
206,0,11341,0,901,0,26
295,0,12428,0,784,0,21
396,0,13626,0,655,0,16
491,0,14716,0,527,0,11
592,0,15909,0,413,0,7
685,0,17009,0,289,0,1
782,0,18181,0,164,0,0
860,0,19225,0,112,0,0
868,0,19626,0,174,0,68
876,0,19987,0,246,0,142
897,0,20388,0,328,0,225
907,0,20765,0,399,0,297
929,0,21154,0,478,0,383
944,0,21526,0,548,0,456
959,0,21930,0,629,0,533
970,0,22293,0,706,0,610
1003,0,22694,0,786,0,689
1039,0,22723,0,787,0,684
1101,0,22522,0,773,0,634
1164,0,22349,0,765,0,598
1222,0,22140,0,753,0,555
1283,0,21944,0,748,0,509
1345,0,21757,0,747,0,472
1407,0,21559,0,738,0,433
1472,0,21372,0,733,0,394
1535,0,21174,0,721,0,355
1586,0,21086,0,741,0,333
1453,0,21543,0,718,0,302
1324,0,21971,0,727,0,279
1191,0,22426,0,743,0,264
1066,0,22846,0,748,0,243
933,0,23299,0,764,0,224
811,0,23731,0,766,0,207
677,0,24193,0,791,0,191
555,0,24615,0,795,0,176
428,0,25060,0,811,0,162
410,0,25021,0,779,0,353
419,0,24737,0,734,0,686
429,0,24466,0,694,0,1003
433,0,24185,0,642,0,1340
444,0,23921,0,616,0,1656
449,0,23636,0,571,0,1995
458,0,23351,0,533,0,2310
464,0,23086,0,492,0,2650
475,0,22826,0,453,0,2972
481,0,22599,0,457,0,3174
430,0,22622,0,504,0,2838
378,0,22648,0,568,0,2479
326,0,22671,0,635,0,2145
272,0,22689,0,708,0,1783
217,0,22713,0,760,0,1450
163,0,22747,0,834,0,1095
112,0,22769,0,901,0,760
55,0,22783,0,974,0,398
2,0,22816,0,1045,0,51
15,0,23080,0,1047,0,48
68,0,23431,0,1060,0,132
122,0,23749,0,1064,0,216
175,0,24109,0,1090,0,300
229,0,24430,0,1105,0,379
282,0,24777,0,1120,0,467
337,0,25102,0,1129,0,548
393,0,25455,0,1145,0,635
445,0,25771,0,1172,0,715
470,0,26023,0,1179,0,754
417,0,26006,0,1098,0,690
361,0,25992,0,1027,0,635
307,0,25978,0,966,0,578
254,0,25961,0,895,0,522
202,0,25959,0,836,0,475
143,0,25925,0,773,0,414
92,0,25922,0,710,0,361
37,0,25907,0,642,0,304
0,0,25878,0,591,0,255
9,0,25867,0,579,0,228
34,0,25839,0,604,0,201
62,0,25805,0,630,0,171
89,0,25774,0,653,0,146
115,0,25743,0,684,0,116
144,0,25714,0,713,0,88
168,0,25675,0,744,0,59
192,0,25650,0,786,0,31
226,0,25611,0,823,0,7
296,0,25544,0,849,0,0
572,0,25361,0,806,0,0
861,0,25180,0,761,0,8
1125,0,25010,0,723,0,14
1406,0,24812,0,688,0,21
1678,0,24661,0,645,0,30
1967,0,24469,0,604,0,41
2232,0,24302,0,567,0,49
2529,0,24116,0,537,0,59
2801,0,23950,0,513,0,66
2606,0,24140,0,468,0,60
2374,0,24376,0,417,0,50
2117,0,24644,0,355,0,41
1881,0,24879,0,302,0,34
1616,0,25148,0,255,0,23
1384,0,25389,0,203,0,17
1126,0,25648,0,151,0,9
888,0,25893,0,109,0,3
634,0,26149,0,59,0,0
505,0,26379,0,55,0,0
445,0,26603,0,72,0,0
391,0,26823,0,100,0,0
332,0,27044,0,131,0,0
276,0,27260,0,164,0,0
221,0,27498,0,193,0,0
167,0,27703,0,230,0,0
111,0,27935,0,265,0,0
64,0,28155,0,296,0,0
14,0,28373,0,341,0,0
71,0,27955,0,345,0,0
193,0,27433,0,359,0,0
299,0,26951,0,371,0,6
426,0,26436,0,381,0,13
547,0,25959,0,395,0,19
669,0,25447,0,413,0,26
801,0,24925,0,432,0,34
916,0,24461,0,446,0,40
1042,0,23939,0,467,0,47
1066,0,23731,0,472,0,47
1006,0,23861,0,469,0,40
943,0,23964,0,475,0,34
885,0,24099,0,481,0,26
827,0,24221,0,477,0,21
765,0,24342,0,481,0,14
715,0,24460,0,488,0,8
651,0,24589,0,489,0,1
593,0,24692,0,501,0,0
587,0,24825,0,523,0,0
593,0,24860,0,502,0,0
622,0,24878,0,486,0,0
656,0,24896,0,485,0,0
688,0,24935,0,479,0,0
721,0,24959,0,471,0,0
753,0,24996,0,474,0,0
787,0,25027,0,462,0,0
821,0,25051,0,459,0,0
851,0,25073,0,459,0,0
842,0,25175,0,462,0,0
793,0,25345,0,499,0,0
739,0,25519,0,541,0,0
687,0,25686,0,585,0,0
638,0,25851,0,627,0,0
585,0,26013,0,668,0,0
534,0,26208,0,715,0,0
479,0,26361,0,755,0,0
432,0,26547,0,809,0,0
403,0,26728,0,858,0,0
360,0,26729,0,837,0,10
315,0,26768,0,817,0,30
273,0,26784,0,812,0,54
226,0,26809,0,805,0,77
182,0,26825,0,801,0,100
136,0,26846,0,804,0,124
94,0,26870,0,794,0,145
48,0,26902,0,783,0,168
6,0,26919,0,786,0,192
0,0,26550,0,765,0,207
0,6,25942,0,719,0,242
4,23,25284,0,669,0,279
9,40,24661,0,628,0,315
16,56,23996,0,575,0,343
20,72,23386,0,533,0,385
27,87,22724,0,483,0,422
32,105,22116,0,441,0,457
36,123,21445,0,398,0,500
40,139,20759,0,384,0,550
52,119,19236,47,444,0,612
73,105,17834,99,531,0,670
94,86,16308,156,620,0,731
115,70,14893,210,711,0,788
140,52,13368,267,803,0,853
160,37,11957,318,883,0,908
178,19,10429,376,986,0,968
203,3,9018,431,1074,0,1027
235,0,7496,487,1166,0,1088
226,0,6536,733,1134,0,1042
201,0,5801,1190,1015,0,919
174,0,5110,1629,913,0,802
144,0,4368,2094,803,0,674
117,0,3623,2567,696,0,553
91,0,2945,3001,595,0,439
61,0,2196,3469,495,0,316
36,0,1519,3903,398,0,201
10,0,780,4367,297,0,80
0,0,338,4714,277,0,0
0,7,302,4567,288,0,0
0,17,273,4424,318,0,0
0,33,242,4268,347,0,0
0,52,212,4130,377,0,0
0,65,188,3971,406,0,0
0,83,158,3836,433,0,0
0,99,133,3684,470,0,0
0,117,109,3536,503,0,0
0,135,93,3390,543,0,0
0,300,87,3111,534,0,135
0,641,78,2733,506,0,371
0,968,62,2389,493,0,589
0,1314,48,2014,478,0,823
0,1638,32,1670,463,0,1040
0,1991,21,1300,444,0,1278
0,2309,11,948,428,0,1496
0,2659,2,582,420,0,1729
0,2979,0,242,411,0,1947
0,3280,0,0,406,0,2083
0,3470,0,0,391,0,1863
0,3700,0,0,369,0,1629
0,3913,0,0,359,0,1409
0,4134,0,0,343,0,1175
0,4341,0,0,326,0,957
0,4572,0,0,320,0,724
0,4792,0,0,307,0,489
0,4997,0,0,293,0,272
0,5227,0,0,311,0,40
0,5316,0,0,313,0,0
0,5386,0,0,347,0,0
0,5445,0,0,385,0,0
0,5517,0,0,424,0,0
0,5583,0,0,459,0,0
0,5651,0,0,502,0,0
0,5713,0,0,539,0,0
0,5788,0,0,581,0,0
0,5841,0,0,629,0,0
0,5902,0,0,646,0,0
0,5885,0,0,609,0,0
0,5890,0,0,566,0,0
0,5878,0,0,549,0,0
0,5878,0,0,532,0,0
0,5874,0,0,505,0,0
0,5868,0,0,473,0,0
0,5857,0,0,443,0,0
0,5854,0,0,426,0,0
0,5858,0,0,420,0,0
0,5828,0,0,394,0,0
0,5785,0,0,359,0,0
0,5756,5,0,334,0,0
0,5725,14,0,309,0,0
0,5698,24,0,283,0,0
0,5656,39,0,258,0,0
0,5623,54,0,240,0,0
0,5602,68,0,229,0,0
0,5566,82,0,217,1,0
37,5506,85,0,225,1,0
223,5377,72,0,219,0,0
409,5248,57,0,227,0,0
576,5129,44,0,243,0,0
762,5001,32,0,258,0,0
935,4891,17,0,272,0,0
1120,4761,6,0,293,0,0
1289,4643,0,0,312,0,0
1475,4516,0,0,328,0,0
1644,4400,0,0,359,0,0
1512,4466,0,0,336,0,0
1343,4557,6,0,325,0,0
1158,4663,29,0,316,0,0
986,4744,50,0,314,0,0
802,4851,73,0,309,0,0
632,4951,98,0,302,0,0
444,5034,115,0,299,0,0
274,5134,137,0,299,0,0
91,5237,162,0,307,0,0
0,5265,165,0,311,0,0
0,5174,143,0,299,0,0
0,5102,122,0,294,0,0
0,5024,100,0,306,0,0
0,4950,77,0,317,0,0
0,4868,53,0,334,0,0
0,4795,31,0,345,0,0
0,4714,10,0,354,0,0
0,4633,0,0,367,0,0
0,4569,0,0,409,0,0
0,4722,0,0,357,0,0
0,4909,0,0,335,0,0
0,5079,0,0,304,0,0
0,5276,0,0,278,0,0
0,5469,0,0,250,0,0
0,5637,0,0,231,0,0
0,5820,0,0,190,0,0
0,5998,0,0,185,0,0
0,6200,0,0,177,0,0
0,6201,0,0,183,0,0
0,6009,0,0,182,0,0
0,5817,0,0,190,0,0
0,5611,0,0,203,0,0
0,5434,0,0,216,0,0
0,5233,0,0,227,0,0
0,5037,0,0,241,0,0
0,4845,0,0,251,0,0
0,4660,0,0,266,0,0
0,4457,0,0,288,0,0
0,4425,0,0,325,0,0
0,4383,0,0,389,0,0
0,4345,0,0,446,0,0
0,4312,0,0,516,0,0
0,4265,0,0,582,0,0
0,4224,0,0,648,0,0
0,4186,0,0,719,0,0
0,4146,0,0,795,0,0
0,4110,0,0,870,0,0
0,4240,0,0,863,0,0
0,4519,0,0,772,0,0
0,4818,0,0,689,0,0
0,5107,0,0,607,0,0
0,5387,0,0,540,0,0
0,5677,0,0,467,0,0
0,5965,0,0,385,0,0
0,6256,0,0,322,0,0
0,6557,0,0,251,0,0
0,6813,0,0,218,0,0
0,6700,0,0,225,0,0
0,6567,0,0,236,0,0
0,6448,0,0,250,0,0
0,6325,0,0,265,0,0
0,6202,0,0,276,0,0
0,6070,0,0,295,0,0
0,5949,0,0,311,0,0
0,5827,0,0,330,0,0
0,5698,0,0,354,0,0
0,5684,0,0,362,0,0
0,5735,0,0,372,0,0
0,5797,0,0,406,0,0
0,5854,0,0,434,0,0
0,5915,0,0,467,0,0
0,5964,0,0,488,0,0
0,6018,0,0,523,0,0
0,6083,0,0,555,0,0
0,6147,0,0,593,0,0
0,6193,0,0,621,0,0
0,6187,0,0,627,0,0
0,6194,0,0,630,0,0
0,6194,0,0,605,0,0
0,6193,0,0,600,0,0
