Co,O,Ni,Gd
0,2946,0,13552
0,2943,0,13561
0,2931,0,13518
0,2960,0,13539
0,2955,0,13532
0,2962,0,13525
0,2962,0,13541
0,2957,0,13543
0,2963,0,13525
0,2967,0,13536
0,2946,0,13528
0,2860,0,13534
0,2848,0,13535
0,2839,0,13541
0,2839,0,13542
0,2843,0,13536
0,2849,0,13537
0,2848,0,13538
0,2845,0,13533
0,2872,0,13542
0,2878,0,13555
0,2887,0,13557
0,2893,0,13544
0,2899,0,13533
0,2905,0,13535
0,2919,0,13528
0,2939,0,13522
0,2943,0,13509
0,2958,0,13522
0,2957,0,13504
0,3011,0,13493
0,2937,0,13508
0,2959,0,13520
0,2993,10,13525
0,3034,22,13553
0,3050,32,13570
0,3088,42,13579
0,3124,54,13595
0,3158,67,13608
0,3210,76,13599
0,3234,86,13610
0,3277,99,13610
0,3315,110,13621
0,3329,122,13645
0,3377,135,13663
0,3421,143,13680
0,3457,156,13682
0,3501,170,13691
0,3534,180,13686
0,3597,191,13684
0,3664,203,13692
0,3611,201,13700
0,3507,193,13726
0,3399,181,13734
0,3292,169,13756
0,3194,157,13775
0,3110,144,13780
0,2991,136,13794
0,2903,127,13806
0,2809,115,13829
0,2710,104,13798
0,2605,93,13807
0,2510,83,13827
0,2415,74,13842
0,2317,62,13845
0,2232,52,13847
0,2141,46,13852
0,2037,30,13875
0,1953,27,13889
0,1875,14,13901
0,1815,11,13906
0,1830,10,13917
0,1830,8,13923
0,1868,6,13932
0,1927,4,13938
0,1968,2,13957
0,2015,0,13980
0,2074,0,13975
0,2118,0,13967
0,2172,0,13975
0,2224,0,13977
0,2294,0,13991
0,2354,0,13996
0,2410,0,14011
0,2460,0,14028
0,2512,0,14035
0,2566,0,14049
0,2636,0,14060
0,2690,0,14059
0,2749,0,14071
0,2799,0,14093
0,2891,0,14089
0,2770,0,14072
0,2660,0,14063
0,2550,0,14049
0,2452,0,14037
0,2339,0,14003
0,2230,0,13990
0,2138,0,13988
0,2037,0,13970
0,1944,0,13958
0,1828,0,13978
0,1733,0,13967
0,1638,0,13939
0,1521,0,13930
0,1425,0,13922
0,1326,0,13919
0,1223,0,13884
0,1140,0,13862
0,1051,0,13833
0,970,0,13843
0,926,0,13847
0,917,0,13850
0,930,0,13853
0,978,0,13871
0,1027,0,13870
0,1079,0,13876
0,1136,7,13907
0,1185,12,13933
0,1240,15,13969
0,1282,21,13976
0,1345,29,13987
0,1394,36,14002
0,1448,41,14036
0,1500,50,14070
0,1572,62,14074
0,1619,71,14086
0,1685,82,14089
0,1738,90,14121
0,1787,102,14134
0,1845,109,14135
0,1938,121,14174
0,1949,121,14190
0,1895,113,14201
0,1882,103,14208
0,1888,92,14213
0,1911,83,14242
0,1926,73,14271
0,1943,66,14293
0,1981,57,14323
0,2001,45,14340
0,2019,37,14356
0,2051,30,14371
0,2059,24,14409
0,2091,18,14413
0,2111,13,14421
0,2146,9,14459
0,2168,2,14492
0,2195,0,14508
0,2218,0,14518
0,2261,0,14522
0,2312,0,14525
0,2418,0,14567
0,2346,0,14561
0,2312,0,14531
0,2294,0,14524
0,2271,0,14515
0,2261,0,14506
0,2251,0,14497
0,2243,0,14479
0,2233,0,14460
0,2230,0,14450
0,2231,0,14422
0,2214,0,14413
0,2198,0,14403
0,2196,0,14394
0,2184,0,14381
0,2178,0,14369
0,2184,0,14357
0,2183,0,14361
0,2183,0,14352
0,2196,0,14337
0,2257,0,14328
0,2285,0,14323
34,2396,0,14331
63,2513,0,14329
92,2606,0,14326
133,2749,0,14309
166,2862,0,14302
198,2981,0,14294
234,3102,0,14284
270,3212,0,14287
301,3320,0,14297
334,3441,0,14298
373,3580,0,14294
402,3689,0,14282
435,3793,0,14280
474,3934,0,14280
507,4053,0,14257
538,4166,0,14234
579,4305,0,14244
607,4436,0,14247
639,4557,0,14256
652,4585,0,14265
613,4360,0,14287
583,4198,0,14301
547,4033,0,14320
512,3835,0,14355
480,3691,0,14393
444,3526,0,14419
407,3332,0,14435
378,3180,0,14440
342,3024,0,14460
312,2866,0,14485
274,2689,0,14504
239,2535,0,14529
209,2389,0,14543
170,2202,0,14570
138,2047,0,14606
103,1904,0,14647
69,1722,0,14671
37,1567,0,14714
6,1450,0,14743
0,1410,0,14763
0,1370,0,14732
0,1371,0,14707
11,1375,0,14686
26,1376,0,14662
38,1382,0,14643
47,1388,0,14624
61,1397,0,14590
74,1405,0,14568
86,1401,0,14556
95,1405,0,14540
110,1420,0,14518
125,1418,0,14485
136,1429,0,14429
150,1442,0,14395
165,1461,0,14391
174,1474,0,14382
190,1483,0,14363
202,1500,0,14349
216,1525,0,14313
225,1563,0,14288
220,1523,0,14291
208,1473,0,14296
195,1439,0,14307
182,1395,0,14308
170,1357,0,14334
157,1322,0,14346
142,1271,0,14389
130,1243,0,14396
119,1211,0,14382
104,1180,0,14395
90,1150,0,14406
78,1116,0,14418
70,1095,0,14427
53,1059,0,14423
40,1029,0,14432
33,1002,0,14438
16,969,0,14453
5,943,0,14486
0,921,0,14506
0,902,0,14519
0,893,0,14521
0,906,0,14522
0,979,0,14523
0,1074,0,14529
0,1152,0,14508
0,1244,0,14517
0,1360,0,14532
0,1452,0,14554
0,1548,0,14560
0,1653,0,14557
1,1747,0,14547
4,1837,0,14556
7,1944,0,14542
10,2053,0,14542
12,2155,0,14544
14,2254,0,14552
19,2370,0,14555
23,2489,0,14556
25,2589,0,14553
29,2710,0,14544
30,2837,0,14540
28,3019,0,14549
24,3255,0,14548
20,3524,0,14551
17,3764,0,14544
14,3996,0,14548
12,4288,0,14553
10,4529,0,14562
6,4771,0,14564
4,5064,0,14572
0,5287,0,14577
0,5538,0,14590
0,5796,0,14618
0,6087,0,14613
0,6332,0,14619
0,6577,0,14621
0,6870,0,14611
0,7131,0,14608
0,7382,0,14610
0,7690,0,14620
0,7984,0,14623
0,7830,0,14615
0,7611,0,14608
0,7395,0,14585
0,7157,0,14568
0,6973,0,14558
6,6762,0,14551
10,6547,0,14538
15,6372,0,14526
23,6117,0,14511
29,5929,0,14495
33,5740,0,14477
37,5534,0,14472
42,5320,0,14496
47,5096,0,14512
52,4891,0,14500
59,4674,0,14439
64,4494,0,14428
70,4295,0,14414
75,4080,0,14380
79,3904,0,14372
79,3890,0,14374
75,3982,0,14389
70,4125,0,14414
64,4271,0,14436
59,4414,0,14440
52,4583,0,14442
47,4722,0,14464
42,4842,0,14490
37,5020,0,14524
33,5158,0,14537
29,5296,0,14551
23,5427,0,14543
15,5600,0,14554
10,5742,0,14567
6,5889,0,14586
0,6052,0,14605
0,6203,0,14625
0,6337,0,14648
0,6504,0,14653
0,6641,0,14673
0,6776,0,14689
0,6711,0,14697
0,6665,0,14718
0,6651,0,14750
0,6628,0,14740
0,6608,0,14760
0,6597,0,14772
0,6567,0,14785
0,6551,0,14828
0,6531,0,14833
0,6513,0,14829
0,6515,0,14840
0,6485,0,14855
0,6470,0,14867
0,6440,0,14881
0,6452,0,14910
0,6426,0,14936
0,6406,0,14936
0,6406,0,14960
0,6403,0,14984
0,6471,0,14999
0,6372,0,14983
5,6254,0,14963
26,6166,0,14936
57,6097,0,14921
94,6005,0,14910
126,5929,0,14891
151,5854,0,14893
188,5768,0,14844
220,5703,0,14831
251,5615,0,14817
283,5545,0,14791
323,5451,0,14779
361,5388,0,14781
390,5315,0,14753
434,5224,0,14713
472,5169,0,14703
507,5075,0,14688
547,5002,0,14669
584,4945,0,14652
619,4885,0,14633
619,4892,0,14629
574,4934,0,14636
539,5009,0,14647
507,5057,0,14673
462,5120,0,14662
431,5185,0,14654
399,5250,0,14638
368,5322,0,14632
341,5371,0,14638
315,5430,0,14629
291,5492,0,14639
263,5569,0,14640
237,5642,0,14648
217,5694,0,14643
202,5772,0,14644
175,5828,0,14647
151,5890,0,14642
123,5970,0,14640
112,6035,0,14636
116,6116,0,14636
120,6240,0,14647
114,6267,0,14672
107,6322,0,14692
97,6348,0,14688
92,6406,0,14712
88,6444,0,14745
85,6494,0,14765
86,6532,0,14783
84,6579,0,14791
82,6613,0,14801
79,6661,0,14812
77,6713,0,14823
72,6765,0,14849
74,6793,0,14889
76,6836,0,14910
76,6903,0,14911
80,6943,0,14912
88,6987,0,14922
96,7035,0,14957
102,7093,0,14959
108,7210,0,14967
102,7068,0,14986
96,7061,0,14994
101,7056,0,15006
112,7057,0,15021
117,7061,0,15027
122,7065,0,15024
130,7057,0,15021
132,7079,0,15033
142,7063,0,15034
150,7079,0,15033
160,7076,0,15042
168,7080,0,15051
174,7091,0,15060
181,7086,0,15074
185,7097,0,15077
193,7123,0,15083
207,7107,0,15094
219,7140,0,15102
233,7135,0,15107
248,7168,0,15134
244,7173,0,15125
231,7221,0,15108
217,7266,0,15092
202,7310,0,15080
188,7380,0,15090
175,7422,0,15085
160,7471,0,15062
146,7525,0,15051
134,7564,0,15033
119,7625,0,15020
104,7684,0,15009
89,7730,0,15008
76,7783,0,15002
64,7824,0,14999
48,7880,0,14978
38,7932,0,14951
24,7978,0,14950
10,8046,0,14943
0,8094,0,14940
0,8181,0,14936
0,8204,0,14924
0,8110,0,14929
26,8072,0,14933
77,8000,0,14940
114,7959,0,14929
160,7895,0,14932
208,7843,0,14919
249,7817,0,14903
300,7767,0,14910
351,7715,0,14910
396,7669,0,14905
441,7620,0,14908
487,7579,0,14912
538,7528,0,14902
582,7471,0,14901
633,7436,0,14920
683,7384,0,14952
731,7344,0,14935
773,7299,0,14939
830,7274,0,14943
874,7311,0,14950
848,7307,0,14922
852,7407,0,14910
865,7529,0,14906
870,7636,0,14890
880,7730,0,14881
896,7858,0,14862
905,7977,0,14855
911,8068,0,14850
930,8192,0,14811
942,8303,0,14782
952,8416,0,14774
965,8519,0,14767
978,8647,0,14759
991,8753,0,14750
1005,8848,0,14727
1015,9001,0,14705
1037,9081,0,14698
1051,9212,0,14708
1082,9357,0,14699
1128,9495,0,14692
1105,9426,0,14695
1049,9285,0,14697
985,9138,0,14675
923,8979,0,14649
873,8833,0,14638
802,8691,0,14638
750,8540,0,14643
692,8413,0,14639
626,8248,0,14635
569,8106,0,14627
511,7972,0,14614
457,7828,0,14604
390,7688,0,14601
328,7532,0,14598
279,7403,0,14592
211,7244,0,14601
155,7123,0,14604
100,6962,0,14611
40,6851,0,14608
0,6710,0,14595
0,6679,0,14571
0,6560,0,14583
0,6486,0,14582
3,6426,0,14570
11,6354,0,14552
23,6266,0,14562
33,6206,0,14551
37,6120,0,14553
43,6048,0,14535
53,5974,2,14523
63,5899,6,14508
71,5813,10,14503
77,5732,12,14510
83,5675,14,14521
91,5597,16,14520
103,5523,20,14512
113,5448,23,14503
119,5380,26,14507
132,5300,30,14512
137,5221,32,14504
142,5259,36,14485
175,5178,32,14487
226,5163,29,14491
269,5161,26,14509
326,5172,23,14529
382,5158,20,14537
430,5168,16,14536
483,5154,14,14528
534,5169,12,14523
594,5166,10,14517
645,5176,6,14511
705,5191,2,14537
753,5204,0,14543
802,5216,0,14555
855,5219,0,14551
908,5238,0,14552
963,5241,0,14557
1014,5265,0,14568
1072,5268,0,14576
1127,5277,0,14580
1176,5317,0,14579
1139,5457,0,14577
1105,5633,0,14586
1063,5814,0,14583
1030,5998,0,14566
985,6215,0,14596
959,6412,0,14591
919,6611,0,14592
875,6823,0,14615
838,7030,0,14602
806,7217,4,14597
768,7430,8,14590
734,7633,11,14583
698,7813,13,14584
668,8007,15,14581
624,8242,18,14586
588,8436,21,14589
557,8632,24,14590
520,8852,28,14596
488,9048,30,14613
462,9264,34,14622
467,9343,34,14626
481,9253,30,14620
491,9180,29,14610
515,9129,26,14608
550,9059,21,14621
577,9008,18,14638
603,8957,15,14626
638,8877,13,14623
661,8812,11,14632
692,8750,9,14616
720,8705,5,14608
749,8649,1,14606
779,8595,0,14617
810,8544,0,14621
837,8460,0,14621
869,8406,0,14615
895,8362,0,14611
929,8320,0,14619
963,8254,0,14641
989,8203,0,14649
1032,8206,0,14642
992,8160,0,14646
969,8172,0,14646
946,8166,0,14646
916,8178,0,14655
898,8190,0,14653
881,8191,0,14664
854,8213,0,14644
828,8203,0,14641
814,8228,0,14640
782,8221,0,14617
764,8247,0,14616
744,8246,0,14631
723,8274,0,14667
697,8292,0,14679
680,8294,0,14656
658,8318,0,14656
632,8334,0,14654
615,8356,0,14668
608,8366,0,14682
615,8406,0,14684
596,8514,0,14680
563,8663,0,14674
534,8862,0,14669
498,9078,0,14674
468,9244,0,14666
437,9429,0,14661
402,9635,0,14628
369,9826,0,14603
340,10008,0,14577
304,10222,0,14573
273,10398,0,14575
244,10591,0,14580
212,10762,0,14565
177,10985,0,14549
148,11168,0,14540
116,11340,0,14532
80,11583,0,14531
51,11755,0,14533
25,11938,0,14505
0,12172,0,14489
0,12074,0,14495
1,11742,0,14500
22,11406,0,14503
52,11024,0,14495
82,10691,0,14499
111,10330,0,14505
142,9952,2,14515
173,9628,8,14524
204,9294,12,14540
236,8909,14,14550
266,8588,18,14541
294,8259,23,14539
332,7855,28,14562
360,7540,32,14580
392,7212,36,14587
419,6869,38,14575
456,6487,42,14575
485,6175,45,14579
517,5840,50,14589
551,5495,54,14617
576,5369,56,14625
612,5272,54,14626
699,5249,48,14617
772,5226,46,14617
852,5222,51,14618
927,5202,54,14646
1026,5226,62,14669
1106,5208,68,14677
1189,5207,66,14678
1293,5204,72,14680
1372,5217,72,14693
1456,5192,81,14691
1551,5187,85,14690
1633,5203,88,14697
1718,5193,90,14718
1808,5202,96,14733
1900,5200,106,14742
1982,5207,114,14752
2078,5202,123,14756
2167,5203,131,14761
2270,5298,138,14786
2199,5418,134,14794
2115,5629,125,14792
2030,5801,116,14785
1946,5991,108,14778
1863,6179,101,14781
1767,6382,92,14781
1680,6573,84,14784
1603,6754,76,14791
1509,6961,68,14819
1425,7160,59,14832
1347,7334,53,14840
1245,7551,44,14837
1164,7735,39,14822
1080,7922,36,14825
999,8115,29,14824
908,8321,22,14828
836,8516,16,14832
760,8698,13,14842
679,8909,15,14842
618,9106,15,14883
611,9148,15,14887
650,9002,14,14870
726,8910,13,14856
781,8813,11,14840
851,8727,9,14829
923,8619,7,14820
997,8535,5,14832
1074,8430,2,14829
1147,8336,0,14805
1213,8233,0,14796
1289,8138,0,14787
1361,8044,0,14773
1438,7960,0,14771
1505,7872,0,14767
1580,7783,0,14760
1660,7684,0,14749
1729,7599,0,14734
1796,7523,0,14744
1875,7414,0,14731
1943,7341,0,14722
1984,7266,0,14717
1914,7052,0,14701
1877,6900,0,14691
1840,6772,0,14690
1825,6610,0,14684
1806,6441,0,14669
1773,6335,0,14675
1750,6173,0,14666
1726,6011,0,14660
1712,5894,0,14650
1683,5763,0,14632
1661,5604,0,14602
1643,5463,0,14593
1623,5340,0,14580
1591,5196,0,14576
1569,5069,0,14568
1552,4939,0,14555
1529,4795,0,14559
1526,4658,0,14556
1499,4542,0,14542
1567,4469,0,14528
1524,4520,0,14539
1543,4628,0,14540
1566,4743,0,14544
1605,4859,0,14542
1635,4994,0,14568
1668,5122,0,14574
1702,5240,0,14586
1741,5372,0,14611
1776,5495,0,14622
1804,5627,0,14616
1842,5765,0,14596
1874,5892,0,14606
1918,6002,0,14627
1949,6127,0,14639
1984,6273,0,14652
2014,6382,0,14663
2049,6511,0,14663
2092,6664,0,14685
2142,6802,0,14704
2208,6970,0,14712
2201,7090,0,14718
2106,7208,0,14701
2026,7339,0,14683
1939,7464,0,14660
1836,7635,0,14656
1755,7763,0,14648
1665,7912,0,14639
1564,8066,0,14624
1476,8199,0,14616
1382,8339,3,14601
1284,8492,7,14565
1188,8638,10,14555
1113,8762,13,14546
1012,8952,15,14534
923,9066,18,14518
836,9220,20,14497
746,9348,24,14486
652,9518,28,14452
566,9656,30,14436
494,9822,34,14416
494,9898,34,14409
577,9703,31,14421
679,9551,30,14434
804,9339,24,14439
901,9183,23,14444
1006,9017,18,14442
1110,8872,15,14451
1230,8673,13,14463
1335,8514,11,14449
1443,8346,9,14444
1560,8155,5,14433
1663,8003,1,14443
1771,7848,0,14462
1901,7643,0,14483
2000,7491,0,14473
2109,7337,0,14473
2214,7171,0,14474
2336,7005,0,14474
2444,6846,0,14480
2554,6714,0,14474
2687,6660,0,14452
2639,6517,0,14461
2678,6448,0,14467
2732,6410,0,14466
2782,6375,0,14467
2831,6324,0,14453
2884,6284,0,14456
2949,6254,0,14473
3003,6219,0,14470
3050,6181,0,14478
3108,6144,0,14482
3165,6110,0,14489
3214,6075,0,14493
3281,6052,0,14474
3333,6018,0,14467
3384,5966,0,14481
3444,5946,0,14494
3506,5914,0,14507
3559,5890,0,14514
3612,5868,0,14528
3700,5889,0,14527
3672,5859,0,14532
3613,5828,0,14529
3546,5822,0,14520
3504,5820,0,14508
3456,5835,0,14506
3411,5827,6,14509
3351,5835,12,14525
3318,5840,16,14533
3262,5843,22,14533
3214,5856,30,14542
3173,5854,32,14556
3124,5851,38,14557
3065,5870,42,14562
3020,5858,48,14562
2977,5854,52,14566
2935,5869,57,14564
2882,5882,66,14582
2844,5887,73,14587
2801,5897,81,14590
2766,5940,85,14598
2792,5985,88,14595
2673,6009,84,14571
2555,6100,77,14546
2459,6187,70,14515
2359,6270,61,14488
2259,6364,54,14475
2144,6475,50,14456
2047,6580,44,14421
1941,6681,38,14395
1819,6771,36,14368
1732,6861,30,14349
1638,6980,26,14331
1516,7087,16,14297
1423,7178,14,14253
1325,7286,9,14248
1228,7387,3,14233
1113,7482,0,14209
1014,7584,0,14184
918,7690,0,14148
821,7806,0,14120
763,7926,0,14099
772,7794,0,14125
806,7660,0,14124
847,7550,0,14125
885,7438,0,14136
921,7342,0,14145
969,7206,0,14157
1006,7101,0,14174
1049,6976,0,14183
1100,6879,0,14181
1129,6741,0,14224
1169,6640,0,14229
1218,6522,0,14236
1262,6417,0,14245
1300,6296,0,14257
1338,6204,0,14240
1382,6068,0,14239
1426,5974,0,14257
1466,5867,0,14267
1513,5762,0,14294
1574,5729,0,14314
1546,5732,0,14320
1452,5848,0,14309
1381,5941,0,14290
1299,6044,0,14280
1230,6170,0,14274
1154,6288,0,14252
1087,6398,0,14274
1022,6514,0,14265
950,6645,0,14260
865,6752,4,14257
798,6858,7,14254
718,6995,11,14235
644,7101,13,14213
579,7211,15,14202
512,7331,17,14187
430,7453,21,14215
354,7558,24,14224
290,7684,28,14213
214,7808,31,14210
159,7934,34,14205
152,8003,34,14193
271,7970,31,14216
415,7990,29,14221
570,8022,26,14225
752,8053,21,14222
907,8080,18,14233
1055,8118,15,14221
1216,8144,13,14227
1391,8176,11,14240
1537,8193,9,14234
1697,8218,5,14244
1889,8254,1,14254
2040,8300,0,14285
2192,8323,0,14266
2368,8355,0,14259
2521,8386,0,14265
2676,8424,0,14271
2837,8471,0,14278
3030,8503,0,14282
3193,8553,0,14279
3356,8606,0,14311
3272,8523,0,14296
3305,8441,0,14309
3369,8361,0,14326
3444,8266,0,14339
3497,8204,0,14362
3562,8127,0,14361
3637,8044,0,14357
3708,7959,0,14355
3766,7900,0,14359
3837,7813,0,14371
3915,7716,0,14388
3988,7650,0,14402
4048,7581,0,14405
4124,7506,0,14398
4189,7442,0,14405
4249,7354,0,14397
4317,7283,0,14405
4399,7208,0,14416
4472,7139,0,14426
4563,7114,0,14435
4496,7005,0,14431
4368,6937,5,14427
4266,6869,20,14418
4141,6798,44,14409
4029,6725,66,14395
3922,6667,91,14386
3800,6598,112,14384
3671,6528,137,14390
3567,6461,158,14377
3468,6396,183,14367
3329,6320,210,14360
3212,6260,233,14357
3117,6191,256,14346
2995,6130,279,14319
2872,6080,304,14316
2772,6018,328,14337
2658,5959,352,14334
2543,5897,383,14308
2455,5857,407,14294
2387,5842,432,14283
2365,5808,436,14278
2371,5789,413,14289
2386,5796,388,14281
2427,5801,357,14262
2455,5822,338,14258
2491,5843,318,14260
2518,5868,298,14252
2544,5893,283,14250
2579,5908,266,14259
2615,5936,247,14265
2646,5967,224,14263
2679,5988,208,14276
2704,6021,193,14271
2754,6039,170,14262
2792,6056,156,14255
2824,6104,138,14265
2875,6110,124,14255
2910,6139,104,14247
2957,6179,96,14243
3020,6199,92,14244
3091,6272,96,14237
3044,6235,91,14252
3007,6226,87,14263
3000,6289,79,14296
3010,6324,74,14320
2996,6343,70,14346
2992,6379,62,14361
2986,6414,55,14398
2979,6462,50,14417
2987,6488,43,14423
2976,6535,38,14445
2972,6558,34,14462
2975,6599,27,14483
2972,6638,20,14499
2969,6662,14,14532
2975,6716,9,14545
2972,6742,2,14560
2984,6774,0,14579
2983,6827,0,14607
2977,6870,0,14639
2992,7009,0,14662
3001,7026,0,14661
3003,7072,0,14657
3024,7118,0,14654
3046,7182,0,14645
3059,7243,0,14647
3088,7294,0,14642
3113,7353,0,14627
3122,7419,0,14644
3147,7478,0,14635
3174,7540,0,14626
3200,7600,1,14618
3230,7661,2,14612
3268,7730,5,14611
3288,7795,9,14615
3326,7855,12,14618
3346,7925,15,14627
3387,7980,16,14630
3410,8052,17,14630
3438,8115,17,14629
3501,8203,21,14623
3511,8220,21,14613
3453,8280,18,14606
3408,8343,17,14605
3364,8401,16,14596
3344,8479,16,14581
3296,8541,21,14550
3268,8603,25,14530
3225,8687,31,14507
3191,8760,40,14515
3157,8827,47,14499
3130,8900,55,14478
3095,8966,62,14460
3057,9061,74,14439
3028,9126,84,14426
3004,9186,92,14421
2972,9312,103,14408
2940,9345,115,14393
2910,9414,126,14376
2888,9511,137,14368
2881,9601,148,14341
2883,9757,155,14323
2780,9469,146,14321
2757,9217,132,14321
2757,9010,121,14325
2761,8797,113,14316
2766,8555,98,14318
2755,8350,90,14335
2773,8148,82,14353
2767,7933,71,14349
2800,7700,61,14357
2805,7510,51,14362
2811,7309,44,14341
2825,7077,33,14322
2817,6866,22,14334
2830,6680,12,14336
2852,6439,6,14329
2851,6238,0,14329
2871,6032,0,14328
2890,5846,0,14331
2914,5624,0,14340
2966,5519,0,14347
2932,5458,0,14334
2949,5509,0,14341
2986,5546,0,14351
3014,5603,0,14351
3060,5658,0,14342
3087,5714,0,14339
3128,5779,0,14361
3182,5840,0,14373
3217,5897,0,14361
3257,5952,0,14354
3296,6023,0,14349
3324,6095,0,14361
3367,6144,0,14360
3399,6217,0,14368
3441,6298,0,14375
3480,6362,0,14379
3533,6422,0,14385
3585,6490,0,14394
3640,6586,0,14382
3728,6678,0,14385
3737,6781,0,14386
3665,6896,0,14411
3619,7011,0,14409
3578,7119,0,14410
3527,7271,0,14415
3483,7385,0,14422
3444,7515,0,14423
3401,7627,0,14434
3357,7776,0,14443
3320,7895,0,14438
3274,8009,0,14433
3217,8152,0,14438
3179,8266,0,14459
3134,8393,0,14469
3093,8528,0,14479
3051,8670,0,14487
3013,8794,0,14470
2977,8900,0,14486
2938,9058,0,14495
2921,9219,0,14519
2979,9360,0,14516
3011,9349,0,14509
3106,9370,0,14491
3207,9416,0,14459
3346,9447,0,14461
3459,9474,0,14467
3573,9494,0,14476
3689,9532,0,14487
3832,9579,3,14483
3946,9624,8,14474
4070,9653,10,14463
4196,9682,14,14453
4318,9730,16,14447
4438,9741,19,14431
4571,9785,22,14435
4685,9840,26,14448
4809,9852,30,14440
4933,9891,32,14422
5056,9957,36,14406
5203,9996,38,14391
5357,10115,42,14393
5194,9890,38,14385
5024,9769,36,14375
4861,9642,33,14360
4663,9515,31,14336
4505,9403,28,14320
4339,9280,24,14311
4172,9152,20,14298
3981,9022,16,14276
3817,8892,14,14282
3655,8769,10,14265
3462,8645,8,14255
3294,8546,4,14231
3135,8418,0,14189
2942,8292,0,14170
2769,8184,0,14159
2615,8059,0,14153
2444,7940,0,14108
2275,7816,0,14083
2122,7707,0,14074
2007,7595,0,14065
2041,7593,0,14072
2080,7708,0,14102
2130,7867,0,14123
2182,8034,0,14158
2221,8170,0,14183
2273,8326,1,14194
2321,8474,3,14222
2364,8664,6,14248
2415,8798,7,14270
2456,8948,9,14281
2503,9117,11,14299
2551,9280,12,14323
2594,9422,14,14360
2639,9602,15,14398
2691,9748,16,14400
2735,9912,17,14411
2789,10078,20,14445
2834,10215,21,14469
2870,10384,24,14510
2927,10545,26,14525
2946,10619,26,14541
2859,10426,24,14528
2844,10242,21,14503
2850,9987,16,14454
2853,9787,15,14436
2866,9609,13,14437
2873,9372,18,14425
2888,9173,25,14417
2891,8995,30,14398
2919,8803,33,14374
2924,8576,42,14354
2928,8377,51,14352
2936,8185,60,14345
2937,7959,68,14335
2952,7777,74,14310
2975,7572,79,14274
2978,7367,88,14247
2989,7192,97,14232
3002,6984,107,14224
3002,6829,113,14212
3094,6763,123,14181
2984,6570,114,14198
2936,6472,109,14212
2876,6362,98,14239
2855,6279,88,14265
2834,6174,83,14277
2794,6067,74,14294
2752,5988,69,14311
2728,5898,62,14346
2703,5810,54,14368
2685,5705,43,14383
2648,5633,33,14395
2612,5548,25,14414
2581,5434,17,14427
2556,5348,8,14447
2523,5253,0,14458
2498,5161,0,14480
2481,5084,0,14500
2460,5003,0,14506
2449,4913,0,14523
2517,4897,0,14537
2500,4870,0,14555
2421,4871,0,14557
2351,4912,0,14570
2304,4966,0,14585
2242,5012,0,14588
2182,5071,0,14580
2139,5101,0,14581
2086,5176,0,14593
2042,5213,0,14602
1993,5276,0,14615
1945,5325,0,14607
1908,5374,0,14607
1843,5437,0,14618
1792,5492,0,14619
1753,5552,0,14613
1700,5618,1,14632
1652,5666,3,14642
1611,5722,6,14637
1579,5773,7,14641
1550,5853,9,14656
1599,5887,10,14650
1733,5784,8,14645
1938,5658,6,14631
2092,5535,4,14621
2246,5430,4,14613
2443,5300,10,14604
2608,5203,15,14600
2778,5102,21,14597
2950,4992,27,14591
3136,4878,34,14565
3293,4777,39,14553
3472,4667,43,14545
3665,4570,50,14530
3821,4459,55,14511
3995,4342,62,14479
4192,4216,70,14491
4345,4127,76,14491
4523,4035,80,14485
4692,3941,87,14456
4895,3838,92,14434
5110,3872,98,14423
4908,3793,92,14432
4703,3753,87,14413
4540,3726,80,14400
4381,3695,76,14392
4205,3631,70,14391
4039,3618,62,14379
3900,3600,55,14370
3741,3548,50,14350
3547,3518,43,14355
3399,3497,39,14314
3233,3461,34,14303
3058,3445,27,14297
2913,3420,21,14299
2748,3392,15,14294
2569,3370,9,14273
2417,3331,2,14249
2265,3322,0,14230
2108,3285,0,14231
1927,3259,0,14209
1796,3284,0,14188
1756,3294,0,14182
1705,3408,0,14177
1675,3526,0,14172
1651,3640,0,14169
1620,3797,0,14140
1594,3926,7,14109
1576,4060,12,14090
1567,4219,16,14078
1539,4377,23,14072
1515,4501,29,14053
1494,4634,34,14042
1478,4797,38,14002
1455,4924,42,13991
1447,5062,47,13993
1429,5232,53,13979
1417,5370,56,13962
1396,5514,62,13942
1369,5687,70,13930
1385,5819,75,13899
1401,5949,79,13872
1407,6065,80,13859
1336,6194,76,13896
1259,6305,70,13921
1185,6439,65,13934
1094,6587,61,13958
1026,6710,63,13997
954,6833,66,14013
865,6978,73,14036
793,7119,79,14067
724,7229,83,14081
647,7372,87,14085
570,7511,93,14100
497,7647,95,14149
427,7773,101,14190
342,7920,105,14185
275,8051,111,14196
207,8178,116,14216
133,8332,127,14248
71,8455,137,14278
16,8600,147,14292
3,8769,156,14304
91,8559,147,14314
280,8417,140,14320
473,8271,131,14330
697,8112,121,14342
915,7966,118,14344
1126,7827,110,14338
1377,7664,105,14333
1582,7530,100,14352
1793,7395,92,14371
2011,7253,86,14375
2254,7087,83,14391
2465,6949,77,14398
2686,6820,70,14416
2921,6649,62,14425
3143,6497,57,14418
3357,6367,50,14420
3606,6235,51,14443
3820,6078,54,14447
4031,5952,56,14446
4238,5890,57,14452
4247,5884,54,14444
4194,5968,50,14433
4103,6073,47,14419
4050,6167,41,14417
3983,6269,39,14404
3916,6363,35,14389
3843,6486,33,14371
3773,6576,29,14364
3716,6678,24,14354
3650,6760,19,14356
3589,6893,15,14348
3517,6976,11,14335
3471,7089,8,14290
3382,7199,3,14277
3324,7288,0,14265
3261,7393,0,14258
3181,7519,0,14257
3124,7594,0,14252
3064,7719,0,14242
3036,7837,0,14227
3048,7884,0,14214
3075,7782,0,14212
3129,7702,0,14228
3203,7622,0,14228
3270,7558,0,14234
3342,7500,2,14241
3425,7447,9,14245
3497,7367,13,14258
3570,7327,16,14274
3640,7251,23,14269
3729,7178,29,14273
3789,7107,34,14274
3846,7049,37,14270
3939,6988,40,14282
4010,6918,45,14290
4091,6865,50,14294
4170,6796,55,14307
4249,6734,60,14305
4321,6675,65,14315
4399,6636,70,14310
4474,6602,73,14304
4417,6519,70,14306
4395,6436,65,14311
4377,6346,57,14318
4357,6287,54,14311
4354,6269,50,14315
4331,6178,44,14347
4328,6110,39,14361
4312,6046,36,14362
4304,6011,32,14362
4296,5939,27,14355
4275,5881,21,14341
4255,5832,16,14365
4244,5759,12,14366
4240,5708,7,14378
4233,5650,1,14378
4206,5598,0,14372
4213,5536,0,14374
4214,5490,0,14375
4210,5447,0,14383
4316,5479,0,14389
4180,5340,0,14387
4025,5186,0,14378
3832,5025,0,14377
3692,4889,0,14371
3559,4748,0,14363
3392,4602,5,14375
3252,4494,11,14368
3095,4362,14,14366
2972,4231,18,14361
2811,4082,24,14360
2682,3949,30,14370
2534,3834,34,14358
2376,3703,39,14338
2229,3555,41,14309
2091,3430,47,14301
1945,3301,53,14302
1810,3178,57,14292
1671,3056,61,14279
1544,2912,67,14278
1418,2808,73,14284
1384,2755,73,14285
1421,2694,68,14277
1463,2645,61,14288
1507,2607,57,14270
1545,2586,53,14273
1606,2565,47,14273
1661,2555,41,14277
1704,2528,39,14281
1763,2504,34,14280
1818,2478,30,14283
1867,2464,24,14268
1914,2431,19,14265
1973,2411,14,14266
2026,2397,11,14267
2071,2363,5,14265
2141,2353,0,14277
2187,2349,0,14278
2237,2342,0,14261
2315,2334,0,14246
2392,2350,0,14242
2466,2432,0,14244
2378,2558,0,14234
2302,2727,0,14218
2235,2869,0,14190
2175,3033,0,14176
2104,3228,0,14133
2045,3388,4,14111
1974,3549,9,14106
1905,3741,13,14089
1845,3905,16,14060
1799,4074,23,14036
1735,4251,27,14021
1663,4435,32,14009
1614,4604,36,13976
1550,4776,39,13959
1474,4970,43,13932
1409,5127,48,13908
1362,5303,52,13884
1306,5500,56,13877
1255,5678,60,13871
1231,5859,65,13849
1212,5783,62,13858
1225,5728,56,13868
1234,5698,53,13868
1258,5659,49,13879
1283,5639,44,13875
1298,5614,40,13883
1317,5585,37,13891
1348,5552,32,13895
1370,5532,29,13890
1386,5506,24,13888
1404,5498,18,13891
1432,5460,14,13907
1448,5430,10,13924
1468,5411,6,13930
1502,5383,0,13933
1530,5364,0,13923
1561,5354,0,13928
1591,5316,0,13938
1623,5318,0,13948
1669,5329,0,13965
1676,5330,0,13960
1688,5340,0,13950
1713,5359,0,13947
1739,5371,9,13942
1779,5406,16,13940
1819,5451,28,13931
1859,5455,35,13918
1909,5496,42,13918
1948,5527,51,13916
1988,5562,60,13912
2033,5581,70,13907
2075,5619,79,13896
2112,5644,85,13888
2149,5680,97,13890
2200,5720,105,13885
2242,5756,114,13887
2274,5801,123,13884
2327,5826,133,13883
2359,5883,146,13876
2409,5926,149,13855
2450,6015,155,13845
2375,5984,148,13849
2329,6017,143,13855
2291,6042,137,13864
2242,6104,143,13866
2208,6128,144,13870
2169,6162,148,13890
2130,6200,155,13910
2096,6261,155,13909
2057,6300,161,13911
2029,6337,166,13903
1991,6383,166,13897
1960,6427,177,13930
1935,6474,180,13939
1898,6529,181,13944
1870,6571,186,13943
1831,6603,194,13944
1799,6653,197,13951
1772,6703,200,13969
1750,6736,211,13973
1773,6850,221,13978
1724,6731,209,13973
1697,6625,196,13966
1675,6532,184,13965
1651,6429,170,13963
1642,6344,156,13952
1607,6252,141,13926
1574,6141,130,13902
1557,6065,116,13881
1531,5975,104,13871
1529,5877,92,13866
1493,5792,78,13859
1477,5708,65,13859
1463,5620,52,13845
1450,5524,40,13814
1440,5437,26,13819
1432,5368,12,13795
1410,5275,1,13781
1401,5183,0,13764
1402,5115,0,13733
1415,5068,0,13736
1418,5036,0,13723
1412,5135,0,13709
1407,5248,0,13701
1402,5383,0,13687
1402,5492,0,13711
1403,5596,0,13713
1401,5752,0,13695
1400,5876,0,13677
1397,5956,0,13662
1396,6116,0,13673
1403,6221,0,13664
1394,6350,0,13649
1399,6462,0,13641
1394,6592,0,13626
1391,6739,0,13620
1387,6840,0,13616
1392,6981,0,13616
1391,7098,0,13606
1393,7234,0,13591
1396,7388,0,13582
1401,7454,0,13565
1334,7352,0,13586
1295,7246,0,13612
1264,7131,0,13646
1237,7047,0,13667
1217,6970,0,13678
1190,6854,0,13698
1159,6781,0,13722
1139,6700,0,13745
1120,6593,0,13774
1086,6512,0,13789
1069,6415,0,13795
1043,6329,0,13798
1007,6245,0,13820
992,6169,0,13835
975,6079,0,13868
950,5983,0,13897
922,5889,0,13905
907,5812,0,13915
877,5733,0,13924
909,5700,0,13941
905,5610,0,13921
952,5571,0,13913
1013,5522,0,13908
1080,5501,0,13902
1137,5476,0,13878
1203,5445,0,13856
1253,5397,0,13846
1320,5369,0,13823
1398,5338,0,13818
1456,5310,0,13805
1524,5273,0,13792
1584,5259,0,13758
1652,5223,0,13737
1723,5178,0,13733
1781,5159,0,13722
1853,5125,0,13708
1910,5100,0,13689
1995,5079,0,13673
2070,5061,0,13658
2172,5076,0,13648
2161,5072,0,13642
2108,5047,0,13643
2043,5045,0,13630
2012,5034,0,13624
1961,5031,0,13617
1913,5036,0,13624
1876,5029,0,13617
1829,5031,0,13606
1775,5027,5,13596
1746,5020,8,13600
1707,5035,12,13569
1665,5040,14,13554
1617,5033,16,13570
1583,5025,20,13574
1551,5032,25,13586
1513,5044,29,13583
1468,5038,32,13554
1441,5033,35,13549
1402,5052,37,13564
1382,5077,39,13561
1383,5080,40,13569
1422,5027,38,13580
1481,5009,36,13561
1535,5019,32,13571
1582,5017,30,13570
1650,5018,31,13581
1712,5010,33,13597
1761,5012,33,13625
1828,5022,36,13612
1876,5027,39,13597
1934,5057,42,13610
1988,5032,42,13623
2063,5038,43,13634
2117,5057,49,13653
2166,5048,55,13650
2239,5055,66,13643
2302,5053,72,13654
2366,5066,78,13661
2437,5072,86,13680
2506,5109,93,13697
2607,5167,98,13725
2502,5089,93,13700
2401,5054,86,13684
2355,5021,78,13649
2310,4987,72,13634
2250,4968,64,13590
2212,4942,55,13568
2162,4933,49,13557
2109,4901,41,13560
2066,4854,36,13562
2029,4830,32,13557
1975,4814,27,13540
1936,4789,19,13511
1900,4761,18,13496
1852,4741,16,13474
1804,4727,13,13457
1768,4699,10,13431
1728,4678,12,13425
1694,4673,13,13419
1672,4650,15,13409
1656,4704,16,13394
1670,4671,15,13393
1681,4597,14,13413
1706,4535,13,13430
1743,4497,11,13439
1783,4452,10,13437
1814,4402,14,13453
1841,4371,16,13462
1887,4330,17,13473
1910,4285,24,13484
1947,4259,28,13512
1984,4221,34,13525
2017,4171,38,13534
2039,4130,41,13526
2083,4105,47,13536
2118,4053,53,13550
2151,4017,60,13572
2190,3983,63,13577
2228,3954,70,13597
2276,3915,74,13606
2335,3904,80,13630
2339,3856,80,13631
2258,3841,75,13631
2206,3891,71,13626
2143,3888,65,13643
2082,3925,60,13643
2033,3956,53,13603
1980,3986,50,13615
1917,4031,42,13624
1863,4074,38,13611
1809,4103,34,13591
1749,4129,30,13587
1696,4169,24,13596
1636,4196,18,13590
1594,4235,13,13589
1533,4287,8,13591
1486,4322,2,13598
1425,4359,0,13592
1367,4398,0,13577
1316,4453,0,13571
1282,4504,0,13571
1286,4588,0,13570
1233,4582,0,13572
1193,4631,0,13568
1161,4670,0,13559
1112,4739,9,13543
1081,4795,15,13549
1046,4836,24,13545
996,4894,39,13533
967,4963,48,13523
936,5026,59,13512
892,5062,71,13505
859,5134,82,13496
817,5181,96,13494
787,5239,105,13499
740,5313,117,13505
704,5364,127,13498
679,5427,137,13498
633,5496,155,13480
606,5560,163,13465
567,5607,172,13455
570,5718,190,13443
574,5630,181,13432
656,5576,171,13408
759,5532,160,13401
879,5489,148,13393
983,5436,139,13396
1091,5408,129,13392
1223,5365,118,13362
1337,5320,108,13340
1442,5274,97,13329
1582,5219,83,13317
1680,5181,75,13308
1797,5147,64,13322
1906,5116,59,13332
2034,5059,48,13281
2135,5025,35,13267
2253,4985,31,13255
2390,4930,27,13241
2500,4904,20,13244
2607,4875,18,13237
2763,4875,17,13219
2773,4866,16,13213
2706,4874,14,13237
2640,4913,13,13240
2577,4955,11,13241
2516,4996,9,13228
2450,5050,7,13236
2390,5101,8,13248
2331,5152,9,13259
2273,5197,11,13275
2200,5249,15,13302
2144,5296,18,13311
2084,5351,24,13326
2027,5384,27,13335
1957,5444,32,13333
1900,5500,35,13330
1838,5540,39,13345
1778,5595,42,13356
1725,5646,47,13361
1675,5691,50,13352
1631,5760,54,13361
1640,5782,56,13374
1561,5670,53,13384
1514,5556,50,13416
1444,5456,45,13435
1376,5366,40,13446
1332,5265,37,13463
1272,5159,34,13488
1220,5069,31,13478
1174,4970,27,13485
1113,4872,21,13507
1061,4780,16,13542
1021,4688,14,13584
959,4610,11,13592
902,4512,6,13645
852,4427,1,13648
805,4329,0,13654
744,4230,0,13661
697,4144,0,13664
644,4064,0,13676
595,4002,0,13684
584,3987,0,13701
601,3895,0,13671
623,3819,0,13654
648,3749,0,13640
674,3698,0,13631
699,3651,0,13631
735,3575,0,13587
758,3527,0,13554
790,3473,1,13519
829,3409,6,13496
860,3359,9,13478
891,3309,12,13432
914,3255,14,13399
947,3199,18,13386
977,3148,21,13356
1011,3090,24,13300
1041,3050,29,13259
1075,3007,33,13235
1112,2952,34,13210
1152,2932,37,13174
1198,2932,40,13147
1193,2955,40,13142
1119,3018,37,13143
1062,3116,34,13149
1001,3210,33,13162
944,3309,29,13152
874,3425,24,13168
813,3527,21,13170
749,3644,18,13181
677,3757,14,13188
629,3857,12,13213
565,3967,9,13208
493,4079,5,13197
433,4195,1,13198
372,4300,0,13208
319,4399,0,13217
246,4533,0,13204
192,4643,0,13197
138,4749,0,13214
76,4870,0,13217
24,4982,0,13209
0,5111,0,13201
0,5007,0,13195
0,4944,0,13178
0,4880,0,13170
0,4814,0,13152
0,4746,0,13128
0,4684,0,13106
0,4623,0,13099
0,4555,0,13081
0,4489,0,13068
0,4438,0,13041
0,4362,0,13026
0,4289,0,13012
0,4243,0,12996
0,4188,0,12989
0,4125,0,12975
0,4062,0,12970
0,4000,0,12969
0,3926,0,12934
0,3889,0,12909
0,3881,0,12884
0,3802,0,12899
0,3766,0,12908
7,3722,0,12912
18,3687,0,12930
32,3634,7,12954
39,3592,13,12956
51,3551,22,12992
66,3518,34,13018
74,3454,43,13031
84,3426,53,13039
98,3366,62,13048
112,3336,73,13055
121,3306,83,13065
132,3260,92,13071
148,3221,101,13068
158,3183,111,13092
167,3146,122,13125
184,3105,131,13151
191,3095,142,13133
203,3087,153,13147
202,3085,153,13167
216,3014,141,13159
249,2966,133,13164
277,2912,127,13155
311,2855,117,13160
348,2810,109,13142
377,2769,102,13133
412,2713,94,13128
440,2667,93,13134
472,2620,88,13134
507,2568,84,13124
545,2518,80,13131
579,2483,76,13136
605,2431,70,13133
641,2380,68,13128
678,2329,61,13119
712,2296,54,13112
745,2244,54,13111
783,2196,57,13111
825,2174,58,13108
846,2181,58,13095
829,2221,52,13080
823,2318,48,13058
824,2431,42,13035
836,2547,38,13025
845,2654,36,13010
850,2775,42,13002
865,2906,42,12976
876,3013,41,12979
883,3130,46,12973
897,3261,55,12916
913,3381,55,12896
925,3486,55,12887
940,3599,58,12872
948,3739,64,12857
958,3857,74,12844
971,3979,81,12833
983,4113,90,12790
1007,4232,102,12789
1015,4350,107,12784
1071,4527,111,12772
1014,4361,110,12764
961,4191,103,12754
907,4027,99,12741
843,3853,87,12729
792,3707,78,12730
738,3540,71,12737
689,3366,63,12717
645,3208,56,12709
596,3063,49,12707
542,2877,44,12699
497,2738,38,12706
452,2575,29,12714
407,2423,25,12706
353,2248,27,12688
311,2113,29,12672
274,1945,27,12676
222,1775,24,12675
182,1640,26,12672
155,1502,30,12662
133,1384,32,12651
133,1350,31,12668
174,1332,29,12677
213,1323,28,12685
265,1312,49,12702
305,1302,62,12711
350,1291,82,12723
390,1277,95,12751
427,1269,110,12767
469,1266,123,12778
516,1262,150,12803
560,1249,169,12815
598,1247,188,12826
644,1238,213,12832
688,1233,232,12854
732,1225,253,12891
775,1222,271,12925
826,1206,299,12950
884,1216,322,12962
921,1221,336,12979
986,1229,364,12998
1003,1249,367,13006
949,1301,346,12970
900,1404,325,12932
850,1496,296,12892
800,1593,279,12869
750,1675,256,12834
696,1790,232,12783
640,1880,212,12754
590,1977,190,12734
541,2087,169,12712
487,2178,147,12690
442,2279,130,12654
385,2382,109,12636
338,2476,92,12600
290,2576,81,12571
245,2681,64,12549
194,2781,43,12514
146,2878,29,12474
101,2978,21,12434
50,3093,24,12387
30,3216,28,12363
28,3050,24,12349
44,2864,21,12349
61,2709,47,12354
78,2539,83,12361
93,2393,142,12379
116,2216,205,12381
139,2059,255,12386
156,1906,306,12395
179,1732,383,12393
197,1574,433,12382
218,1419,488,12367
240,1246,556,12381
267,1092,617,12385
287,945,680,12365
308,792,740,12373
332,618,813,12377
352,466,876,12387
375,326,936,12397
399,163,1008,12394
421,80,1060,12386
417,93,1041,12354
387,153,982,12321
368,209,922,12309
347,282,873,12290
327,346,821,12275
300,429,767,12245
279,502,717,12205
253,578,667,12176
232,663,628,12141
215,739,580,12087
199,809,535,12079
178,899,474,12054
157,969,433,12024
144,1044,387,11995
121,1130,349,11965
102,1211,296,11951
85,1294,258,11934
68,1371,217,11905
46,1463,209,11873
39,1541,214,11837
39,1573,221,11814
41,1510,230,11817
61,1492,279,11807
75,1483,358,11798
93,1494,417,11789
111,1497,509,11791
126,1506,573,11791
145,1511,632,11789
165,1521,724,11772
183,1525,781,11739
199,1543,875,11732
217,1556,960,11736
236,1555,1012,11741
262,1556,1099,11720
278,1577,1171,11713
302,1594,1259,11713
323,1614,1325,11707
343,1620,1420,11699
364,1647,1507,11690
390,1679,1576,11689
410,1739,1664,11685
387,1791,1583,11656
363,1894,1543,11633
345,1996,1515,11617
334,2101,1459,11592
322,2229,1419,11559
318,2326,1374,11532
313,2425,1341,11509
298,2565,1294,11490
297,2679,1270,11453
290,2778,1249,11425
279,2904,1206,11395
273,3013,1181,11387
265,3122,1122,11358
256,3234,1125,11324
252,3369,1114,11295
251,3480,1059,11284
247,3580,1024,11278
239,3725,975,11254
230,3862,966,11237
246,4016,954,11192
334,3917,940,11122
492,3755,929,11094
676,3606,952,11048
857,3460,975,11002
1070,3272,994,10956
1244,3129,1009,10921
1439,2974,1028,10886
1650,2796,1057,10837
1825,2641,1066,10779
2013,2496,1093,10738
2229,2305,1139,10701
2410,2162,1179,10659
2593,2010,1206,10601
2807,1826,1241,10552
3001,1676,1273,10507
3179,1521,1289,10464
3363,1374,1303,10431
3584,1201,1359,10375
3767,1059,1404,10326
3971,925,1447,10288
3999,863,1465,10253
3794,893,1437,10235
3596,950,1434,10223
3368,1028,1423,10165
3170,1092,1436,10138
2975,1175,1466,10116
2775,1248,1489,10100
2537,1326,1500,10035
2352,1396,1523,9995
2148,1461,1543,9990
1917,1551,1557,10004
1722,1616,1572,9980
1525,1683,1588,9963
1292,1767,1617,9937
1097,1850,1627,9910
895,1920,1652,9850
701,2000,1671,9820
470,2080,1700,9807
276,2167,1718,9782
87,2244,1746,9762
0,2315,1819,9740
0,2217,1935,9767
0,2156,2118,9788
0,2078,2308,9823
7,2019,2424,9856
14,1964,2605,9872
24,1912,2769,9893
33,1836,2944,9916
39,1777,3105,9932
47,1716,3292,9941
54,1661,3484,9971
63,1594,3642,9991
71,1533,3800,10018
78,1473,3986,10039
86,1402,4156,10055
94,1356,4319,10078
102,1302,4470,10097
111,1246,4671,10124
121,1184,4831,10135
131,1147,4995,10158
137,1154,5209,10189
133,1138,5262,10156
124,1129,5332,10125
115,1118,5398,10081
106,1128,5471,10049
98,1109,5520,9999
89,1117,5599,9977
86,1116,5658,9939
85,1111,5711,9920
82,1118,5793,9866
77,1120,5868,9829
77,1120,5927,9793
72,1119,5987,9760
70,1127,6059,9719
68,1120,6147,9685
60,1122,6199,9664
58,1128,6266,9639
53,1132,6342,9615
58,1128,6400,9579
61,1128,6467,9539
66,1140,6551,9502
93,1143,6590,9471
179,1121,6582,9442
287,1111,6615,9400
390,1124,6606,9349
500,1115,6622,9316
611,1120,6644,9292
735,1125,6654,9265
842,1122,6672,9241
953,1132,6684,9202
1080,1130,6707,9153
1189,1141,6714,9121
1298,1143,6723,9080
1426,1149,6745,9025
1534,1155,6758,8989
1646,1159,6778,8975
1757,1167,6797,8946
1897,1167,6802,8907
2001,1172,6815,8876
2109,1181,6833,8847
2240,1202,6847,8798
2312,1217,6880,8767
2307,1227,6900,8759
2318,1240,6944,8722
2347,1268,6952,8684
2360,1294,6980,8647
2379,1314,7016,8647
2413,1347,7032,8649
2428,1372,7079,8638
2450,1403,7101,8598
2472,1426,7142,8579
2499,1457,7174,8550
2530,1486,7190,8529
2550,1516,7231,8495
2575,1535,7242,8487
2604,1567,7276,8471
2639,1586,7298,8448
2668,1625,7340,8428
2695,1656,7375,8407
2730,1680,7403,8346
2771,1724,7438,8351
2832,1793,7464,8332
2738,1736,7604,8325
2591,1676,7803,8317
2486,1633,7950,8340
2368,1596,8150,8329
2250,1564,8315,8330
2124,1522,8511,8351
2014,1484,8669,8353
1911,1451,8834,8345
1788,1407,9025,8337
1678,1372,9197,8350
1571,1334,9363,8354
1451,1289,9561,8365
1338,1260,9738,8355
1236,1223,9900,8362
1137,1184,10059,8372
1017,1146,10265,8383
908,1114,10446,8379
806,1073,10614,8374
706,1049,10803,8377
641,1038,10971,8395
663,1036,11048,8372
930,990,11050,8306
1205,957,11039,8252
1486,915,11039,8212
1801,870,11028,8151
2080,836,11013,8091
2380,802,10996,8058
2673,761,11000,7999
3020,712,10984,7950
3299,677,10975,7904
3587,639,10973,7853
3927,597,10982,7792
4208,568,10961,7738
4485,520,10970,7693
4838,476,10951,7626
5117,440,10961,7584
5410,404,10953,7532
5709,366,10946,7454
6044,330,10931,7410
6332,303,10913,7357
6536,306,10932,7313
6497,338,11058,7343
6506,374,11156,7352
6517,410,11247,7354
6580,457,11369,7345
6606,497,11482,7341
6631,537,11583,7335
6676,576,11685,7340
6698,625,11794,7353
6731,662,11907,7350
6756,703,12031,7362
6791,748,12110,7389
6830,788,12242,7400
6863,825,12345,7378
6895,876,12450,7395
6919,916,12558,7393
6966,956,12653,7395
6988,994,12745,7402
7044,1049,12870,7402
7096,1087,12972,7423
7257,1142,13082,7424
7111,1167,13057,7390
6936,1246,13014,7357
6764,1333,12966,7305
6561,1441,12882,7280
6396,1535,12871,7245
6237,1629,12829,7189
6069,1730,12778,7157
5876,1839,12730,7123
5718,1937,12676,7106
5550,2030,12627,7073
5361,2146,12580,7041
5199,2245,12525,7012
5040,2342,12483,6967
4837,2459,12444,6934
4681,2557,12385,6901
4533,2652,12330,6874
4377,2745,12290,6840
4177,2863,12250,6803
4022,2961,12192,6761
3933,3067,12160,6723
3925,3070,12231,6698
4100,3020,12393,6678
4282,3006,12531,6658
4507,2962,12717,6644
4708,2945,12874,6613
4911,2925,13022,6585
5105,2919,13173,6562
5330,2883,13352,6524
5528,2856,13511,6496
5719,2827,13673,6461
5950,2796,13826,6423
6153,2776,13985,6393
6350,2751,14147,6363
6594,2706,14326,6347
6791,2701,14471,6334
6985,2667,14644,6311
7208,2652,14780,6268
7417,2629,14976,6209
7645,2599,15126,6188
7848,2599,15275,6167
7954,2593,15433,6150
7711,2476,15493,6171
7479,2384,15552,6186
7201,2267,15643,6198
6964,2161,15693,6206
6734,2068,15778,6217
6485,1977,15830,6212
6217,1859,15908,6209
5986,1767,15967,6207
5753,1672,16031,6213
5480,1559,16105,6226
5249,1459,16177,6237
5003,1370,16250,6269
4732,1254,16322,6271
4505,1162,16367,6270
4271,1068,16438,6275
4049,963,16503,6279
3766,861,16578,6275
3541,770,16642,6291
3310,684,16712,6288
3158,653,16787,6285
3160,625,16631,6236
3257,591,16479,6194
3422,552,16329,6134
3570,515,16198,6071
3703,491,16023,6007
3851,461,15878,5974
4025,428,15712,5916
4165,398,15575,5858
4311,370,15406,5809
4502,336,15271,5734
4647,313,15106,5661
4806,282,14961,5615
4972,252,14799,5545
5107,225,14628,5481
5265,193,14467,5423
5423,168,14330,5365
5601,143,14143,5310
5764,110,14000,5263
5904,98,13845,5189
6114,92,13677,5137
6061,91,13718,5107
5855,121,13863,5099
5654,170,14015,5076
5490,207,14132,5076
5308,250,14282,5060
5113,297,14425,5063
4956,336,14582,5049
4792,385,14695,5040
4630,430,14820,5033
4432,485,14976,5039
4291,524,15101,5025
4111,567,15225,5008
3927,619,15392,5011
3780,661,15512,4999
3624,712,15646,4981
3438,760,15795,4962
3287,806,15942,4946
3133,858,16069,4938
2978,906,16199,4942
2851,966,16348,4926
2811,983,16463,4917
2852,965,16527,4895
2974,962,16585,4883
3063,977,16645,4874
3160,985,16703,4859
3268,998,16766,4836
3356,1016,16817,4812
3449,1023,16892,4801
3552,1038,16923,4789
3668,1051,16996,4761
3768,1066,17057,4748
3862,1085,17125,4734
3975,1094,17178,4720
4074,1103,17238,4699
4182,1119,17286,4678
4304,1139,17354,4653
4410,1153,17411,4638
4512,1167,17455,4621
4619,1185,17530,4607
4760,1211,17587,4578
4920,1261,17669,4557
4790,1231,17717,4511
4627,1251,17792,4457
4506,1278,17854,4410
4393,1304,17913,4339
4240,1337,17978,4274
4130,1364,18045,4243
4021,1382,18106,4209
3914,1417,18169,4155
3776,1459,18249,4109
3666,1482,18299,4056
3554,1517,18372,4015
3425,1543,18440,3972
3308,1577,18496,3916
3193,1600,18561,3852
3069,1640,18629,3810
2957,1680,18690,3769
2845,1700,18757,3695
2746,1741,18824,3657
2611,1789,18889,3607
2532,1850,18954,3531
2642,1821,19105,3507
3105,1735,19362,3516
3503,1662,19557,3521
3882,1604,19805,3516
4376,1522,20039,3523
4776,1459,20248,3531
5163,1395,20477,3515
5575,1333,20672,3495
6036,1255,20918,3478
6429,1190,21127,3477
6858,1126,21379,3467
7319,1044,21626,3449
7722,987,21828,3459
8104,920,22039,3462
8590,841,22295,3466
8997,786,22516,3445
9386,721,22728,3452
9795,665,22930,3454
10262,601,23183,3455
10675,545,23398,3454
10872,523,23530,3414
10602,521,23557,3313
10420,543,23556,3259
10225,558,23544,3206
10013,580,23567,3129
9822,599,23571,3068
9622,625,23580,3003
9435,654,23586,2945
9216,694,23573,2871
9021,722,23578,2794
8828,751,23604,2738
8627,784,23612,2659
8459,816,23625,2572
8260,842,23633,2509
8033,880,23627,2443
7847,912,23637,2368
7659,940,23644,2303
7482,977,23653,2236
7289,1015,23660,2143
7112,1052,23675,2092
7027,1104,23685,2054
7061,1063,23900,2018
7135,1049,24087,1996
7220,1033,24289,1969
7304,1008,24511,1950
7383,991,24708,1923
7467,973,24894,1903
7542,959,25096,1892
7645,943,25315,1866
7715,926,25507,1837
7781,910,25692,1836
7886,894,25938,1809
7953,883,26107,1789
8036,864,26296,1763
8140,847,26510,1754
8210,840,26718,1739
8277,830,26907,1721
8362,823,27089,1681
8454,831,27309,1656
8562,828,27508,1637
8657,849,27710,1620
8700,870,27735,1585
8781,964,27680,1548
8894,1091,27635,1522
8994,1241,27595,1470
9108,1362,27539,1412
9200,1493,27486,1387
9307,1620,27450,1355
9424,1771,27396,1333
9526,1906,27367,1310
9629,2028,27306,1265
9754,2182,27268,1226
9861,2313,27212,1196
9945,2444,27175,1154
10068,2598,27125,1106
10165,2729,27061,1057
10275,2860,27019,1015
10401,3014,26958,996
10496,3130,26934,962
10610,3279,26903,937
10721,3410,26840,913
10735,3432,26887,911
10528,3263,27027,926
10353,3089,27141,942
10135,2891,27303,978
9947,2717,27452,991
9775,2553,27567,993
9576,2358,27745,1023
9399,2193,27863,1053
9219,2021,28001,1093
9041,1860,28142,1106
8835,1673,28303,1104
8649,1506,28432,1131
8469,1352,28565,1165
8259,1150,28728,1199
8084,991,28874,1227
7903,833,29005,1221
7684,647,29151,1267
7522,484,29289,1309
7344,329,29422,1354
7186,191,29571,1382
7107,132,29695,1404
7137,134,29649,1358
7261,153,29624,1295
7447,198,29561,1200
7583,224,29529,1138
7743,259,29494,1080
7909,293,29449,1008
8049,326,29416,957
8222,359,29381,906
8391,396,29335,818
8545,437,29296,759
8686,467,29275,720
8845,498,29230,675
9010,535,29189,621
9169,561,29151,563
9310,599,29111,459
9502,635,29071,418
9661,683,29026,379
9815,718,28993,330
9961,744,28969,302
10170,789,28926,306
10283,844,28881,293
10427,970,28850,281
10587,1124,28797,267
10719,1284,28762,254
10861,1411,28710,265
11031,1585,28691,274
11213,1724,28644,279
11346,1879,28627,281
11486,2018,28574,282
11654,2206,28558,282
11795,2354,28508,277
11940,2498,28479,288
12112,2676,28423,301
12267,2819,28380,313
12406,2974,28352,322
12574,3145,28298,333
12720,3290,28270,345
12878,3442,28247,362
13025,3592,28182,379
13214,3771,28159,395
13385,3815,28180,397
13629,3895,28244,392
13939,4033,28333,379
14190,4150,28409,378
14462,4302,28463,370
14759,4459,28533,371
15028,4579,28602,370
15300,4713,28680,370
15555,4855,28746,367
15878,5013,28816,375
16134,5158,28894,367
16398,5286,28960,362
16693,5455,29042,370
16955,5581,29108,374
17237,5713,29178,376
17530,5881,29268,383
17806,6026,29333,395
18062,6155,29398,401
18337,6302,29460,412
18665,6467,29543,418
18898,6620,29627,408
18734,6388,29703,388
18608,6155,29811,365
18495,5943,29889,345
18376,5740,30003,330
18275,5507,30096,299
18142,5302,30188,278
18022,5099,30276,259
17909,4899,30363,238
17818,4670,30463,211
17694,4469,30558,190
17567,4266,30653,169
17449,4025,30743,148
17331,3826,30835,128
17223,3627,30931,114
17104,3398,31026,105
17012,3206,31122,96
16899,3011,31222,88
16801,2816,31305,83
16670,2628,31409,75
16598,2580,31491,69
16550,2523,31551,70
16583,2446,31590,65
16597,2404,31624,67
16626,2351,31667,65
16644,2297,31699,65
16663,2262,31745,62
16697,2219,31786,67
16709,2165,31831,72
16728,2114,31862,76
16782,2072,31888,80
16784,2036,31932,87
16820,1990,32007,98
16835,1952,32037,107
16857,1913,32069,118
16912,1862,32120,130
16923,1826,32151,143
16948,1781,32193,152
16986,1735,32249,170
17006,1707,32284,182
17048,1662,32326,192
16916,1686,32356,194
16602,1841,32359,186
16325,2006,32333,176
16043,2191,32338,165
15733,2380,32333,157
15447,2536,32330,148
15175,2714,32353,146
14856,2921,32352,141
14576,3115,32332,139
14314,3293,32317,139
14034,3458,32313,135
13708,3680,32328,128
13434,3834,32334,121
13168,4020,32326,117
12851,4244,32312,112
12578,4427,32320,113
12293,4587,32330,112
11970,4824,32331,106
11700,5000,32326,103
11433,5180,32324,105
11286,5360,32312,109
11614,5149,32310,97
11946,5004,32302,86
12282,4848,32317,77
12673,4678,32316,65
13018,4509,32312,58
13370,4360,32304,52
13753,4199,32315,48
14079,4043,32303,42
14383,3901,32314,35
14753,3734,32307,36
15135,3561,32310,32
15474,3415,32311,28
15827,3258,32309,27
16203,3090,32309,24
16532,2952,32298,19
16867,2809,32316,19
17266,2624,32324,20
17599,2493,32298,21
17948,2358,32303,24
18290,2295,32301,26
18097,2259,32379,23
17877,2265,32415,20
17647,2270,32479,19
17368,2280,32535,18
17124,2293,32601,16
16878,2292,32650,15
16636,2307,32710,13
16401,2325,32766,17
16201,2318,32831,21
15930,2336,32885,23
15689,2348,32927,25
15447,2362,33001,27
15251,2366,33063,30
14935,2375,33107,33
14718,2385,33167,37
14502,2394,33243,42
14217,2403,33281,50
13991,2424,33359,55
13764,2434,33386,61
13534,2459,33448,65
13549,2443,33426,65
13723,2420,33341,61
13907,2432,33250,55
14119,2420,33156,46
14292,2415,33075,40
14479,2420,32988,34
14659,2421,32872,32
14877,2413,32788,30
15075,2405,32717,27
15230,2396,32619,23
15458,2410,32526,17
15640,2405,32453,11
15817,2414,32376,4
16030,2401,32267,0
16216,2407,32180,0
16392,2406,32077,0
16617,2409,31978,0
16820,2411,31897,0
17000,2413,31818,0
17193,2416,31736,0
17334,2439,31695,0
17261,2477,31747,0
17233,2535,31838,0
17202,2608,31927,0
17157,2675,32004,0
17132,2729,32090,0
17110,2824,32175,0
17075,2887,32260,0
17057,2971,32335,0
17019,3023,32413,0
16992,3111,32487,0
16963,3174,32566,0
16934,3248,32627,0
16904,3324,32726,0
16883,3396,32810,0
16841,3463,32894,0
16816,3549,32965,0
16780,3617,33048,0
16768,3687,33125,0
16738,3771,33222,0
16762,3856,33292,0
16571,3755,33362,0
16452,3713,33439,0
16288,3680,33502,0
16151,3647,33559,0
16034,3617,33630,0
15888,3581,33714,0
15758,3553,33789,0
15623,3527,33827,0
15496,3495,33904,0
15342,3456,33965,0
15203,3434,34018,0
15076,3407,34090,0
14923,3384,34167,4
14787,3348,34234,7
14689,3314,34290,10
14531,3293,34361,13
14403,3282,34430,15
14290,3254,34503,17
14167,3236,34564,20
14022,3247,34636,21
14115,3238,34633,20
14378,3251,34613,18
14642,3297,34548,17
14898,3331,34527,15
15116,3355,34497,12
15394,3393,34462,9
15636,3423,34423,6
15866,3477,34401,2
16146,3513,34355,0
16389,3545,34311,0
16620,3585,34281,0
16875,3631,34253,0
17128,3664,34228,0
17368,3712,34184,0
17616,3756,34156,0
17910,3800,34115,0
18149,3842,34080,0
18371,3890,34044,0
18653,3936,34013,0
18889,4009,33967,0
19070,4069,33968,0
19003,4079,34004,0
18936,4097,34069,0
18884,4123,34087,0
18825,4167,34143,0
18799,4201,34190,0
18726,4224,34229,0
18681,4259,34273,0
18594,4311,34330,0
18558,4341,34358,0
18501,4372,34400,0
18451,4418,34432,0
18406,4449,34499,0
18349,4484,34535,0
18289,4522,34584,0
18235,4577,34623,0
18183,4615,34653,0
18137,4643,34708,0
18076,4705,34763,0
18037,4754,34810,0
18050,4848,34858,0
17984,4774,34986,0
18004,4822,35153,0
18048,4889,35305,0
18064,4964,35460,0
18134,5053,35632,0
18156,5130,35783,0
18185,5204,35947,0
18246,5288,36119,0
18289,5359,36256,0
18310,5433,36410,0
18362,5519,36558,0
18396,5617,36715,0
18433,5684,36871,0
18477,5759,37009,0
18520,5840,37213,0
18545,5930,37369,0
18594,6013,37487,0
18638,6102,37675,0
18671,6182,37815,0
18740,6304,37964,0
18789,6304,37970,0
18849,6268,37912,0
18889,6275,37855,0
18931,6265,37798,0
19003,6249,37740,0
19050,6236,37664,0
19084,6225,37601,0
19151,6213,37533,0
19214,6198,37495,0
19269,6189,37428,0
19325,6185,37359,0
19377,6189,37310,0
19436,6156,37246,0
19488,6164,37176,0
19574,6149,37106,0
19626,6141,37058,0
19695,6143,36988,0
19748,6130,36938,0
19788,6134,36854,0
19878,6139,36795,0
19968,6163,36759,0
20110,6023,36747,0
20204,5944,36753,0
20324,5868,36771,0
20450,5785,36776,0
20561,5698,36801,0
20681,5640,36801,0
20817,5561,36768,0
20923,5500,36774,0
21031,5414,36778,0
21129,5337,36778,0
21275,5263,36772,0
21380,5195,36785,0
21492,5135,36796,0
21632,5059,36801,0
21730,4992,36809,0
21856,4914,36799,0
21992,4845,36798,0
22104,4795,36784,0
22229,4733,36790,0
22420,4727,36805,0
22034,4768,36766,0
21807,4876,36730,0
21555,4988,36704,0
21272,5122,36661,0
21035,5233,36647,0
20792,5368,36616,0
20515,5512,36593,0
20283,5628,36548,0
20020,5769,36528,0
19797,5859,36487,0
19511,6006,36460,0
19283,6120,36426,0
19038,6247,36411,0
18751,6405,36381,0
18516,6519,36347,0
18294,6637,36315,0
18016,6781,36288,0
17774,6918,36260,0
17553,7027,36225,0
17319,7199,36191,0
17337,7144,36263,0
17441,7051,36334,0
17604,6958,36413,0
17759,6858,36521,0
17870,6754,36614,0
17994,6662,36703,0
18169,6567,36816,0
18304,6465,36879,0
18431,6385,36979,0
18606,6274,37067,0
18718,6205,37129,0
18846,6108,37231,0
18994,6009,37317,0
19145,5895,37407,0
19288,5819,37485,0
19392,5732,37599,0
19568,5639,37693,0
19710,5557,37747,0
19833,5459,37842,0
19994,5390,37946,0
20090,5452,37962,0
20257,5698,37898,0
20415,5980,37839,0
20635,6284,37774,0
20789,6561,37708,0
20958,6852,37659,0
21183,7174,37577,0
21338,7444,37539,0
21520,7722,37470,0
21708,8038,37407,0
21881,8330,37345,0
22049,8603,37298,0
22225,8880,37227,0
22409,9211,37168,0
22593,9499,37118,0
22755,9759,37052,0
22963,10080,37001,0
23132,10374,36916,0
23304,10671,36860,0
23502,11010,36805,0
23682,11261,36749,0
23877,11059,36727,0
24084,10893,36684,0
24301,10708,36634,0
24508,10551,36608,0
24700,10392,36570,0
24902,10198,36526,0
25147,10033,36502,0
25308,9892,36471,0
25541,9698,36420,0
25748,9549,36403,0
25945,9404,36356,0
26147,9245,36321,0
26371,9074,36268,0
26582,8889,36253,0
26768,8750,36216,0
27000,8566,36167,0
27218,8415,36153,0
27403,8267,36099,0
27648,8073,36070,0
27853,7958,36042,0
27837,7868,36043,0
27803,7766,36055,0
27754,7660,36056,0
27713,7594,36075,0
27682,7516,36092,0
27639,7407,36129,0
27602,7351,36122,0
27579,7291,36142,0
27501,7196,36157,0
27495,7118,36165,0
27456,7062,36175,0
27429,6977,36186,0
27379,6919,36197,0
27339,6842,36224,0
27308,6762,36242,0
27257,6681,36277,0
27241,6614,36277,0
27196,6555,36279,0
27139,6475,36296,0
27125,6417,36320,0
27007,6496,36353,0
26810,6785,36368,0
26562,7107,36426,0
26352,7379,36464,0
26158,7663,36484,0
25903,7991,36545,0
25727,8277,36574,0
25505,8559,36606,0
25279,8905,36638,0
25065,9168,36677,0
24843,9459,36714,0
24672,9744,36750,0
24424,10068,36773,0
24219,10345,36819,0
24030,10622,36855,0
23765,10993,36891,0
23587,11258,36926,0
23362,11548,36962,0
23142,11898,37024,0
22943,12189,37054,0
22812,12415,37095,0
22684,12277,37186,0
22622,12158,37266,0
22579,12069,37364,0
22547,11971,37447,0
22482,11867,37557,0
22431,11772,37636,0
22389,11683,37700,0
22347,11573,37818,0
22301,11497,37903,0
22245,11398,37986,0
22188,11307,38062,0
22148,11188,38172,0
22118,11098,38256,0
22061,11020,38337,0
21985,10929,38428,0
21952,10822,38502,0
21897,10732,38583,0
21864,10634,38691,0
21800,10536,38789,0
21779,10461,38863,0
21751,10536,38877,0
21775,10642,38853,0
21794,10723,38839,0
21785,10825,38824,0
21806,10934,38818,0
21824,11016,38800,0
21844,11120,38800,0
21843,11212,38790,0
21865,11313,38791,0
21868,11407,38763,0
21888,11488,38745,0
21895,11606,38732,0
21904,11709,38732,0
21913,11798,38722,0
21958,11903,38712,0
21950,12008,38679,0
21962,12091,38655,0
21986,12225,38646,0
21993,12307,38659,0
22021,12390,38648,0
22350,12593,38588,0
22869,12854,38536,0
23362,13121,38454,0
23847,13383,38376,0
24444,13677,38295,0
24926,13945,38229,0
25413,14232,38169,0
25992,14550,38081,0
26491,14799,38014,0
26982,15083,37941,0
27565,15372,37865,0
28060,15645,37787,0
28565,15926,37729,0
29058,16187,37673,0
29625,16504,37590,0
30140,16783,37512,0
30621,17036,37440,0
31208,17345,37369,0
31710,17637,37301,0
32203,17921,37230,0
32548,18179,37202,0
32329,18192,37294,0
32149,18219,37379,0
31951,18266,37486,0
31737,18292,37572,0
31552,18342,37684,0
31355,18365,37768,0
31140,18431,37864,0
30952,18478,37973,0
30775,18515,38076,0
30525,18546,38172,0
30344,18601,38258,0
30163,18629,38345,0
29982,18664,38441,0
29752,18707,38562,0
29581,18758,38656,0
29373,18796,38737,0
29152,18850,38829,0
28969,18892,38940,0
28774,18920,39049,0
28561,19029,39159,0
28691,18771,39184,0
28859,18587,39199,0
29001,18360,39226,0
29181,18137,39255,0
29315,17945,39267,0
29469,17748,39312,0
29634,17520,39346,0
29807,17311,39366,0
29953,17116,39383,0
30144,16895,39421,0
30282,16691,39437,0
30424,16502,39479,0
30578,16304,39503,0
30758,16070,39541,0
30905,15869,39564,0
31061,15675,39592,0
31241,15440,39609,0
31375,15263,39644,0
31554,15060,39677,0
31723,14880,39686,0
31832,14825,39648,0
31900,14856,39561,0
31943,14899,39469,0
32042,14964,39381,0
32142,15002,39279,0
32195,15056,39193,0
32256,15117,39094,0
32345,15156,39012,0
32406,15198,38917,0
32482,15260,38801,0
32578,15307,38729,0
32641,15369,38647,0
32714,15404,38569,0
32788,15470,38442,0
32865,15530,38347,0
32941,15581,38258,0
33030,15639,38188,0
33105,15676,38103,0
33181,15725,38006,0
33266,15809,37909,0
33353,15875,37869,0
33472,16015,37917,0
33597,16135,38000,0
33746,16316,38065,0
33867,16445,38133,0
33993,16580,38189,0
34142,16750,38282,0
34278,16896,38349,0
34386,17030,38401,0
34540,17207,38473,0
34668,17376,38529,0
34803,17504,38600,0
34927,17647,38670,0
35089,17816,38769,0
35193,17957,38820,0
35314,18104,38879,0
35486,18274,38932,0
35605,18434,39015,0
35742,18558,39057,0
35881,18742,39147,0
36047,18921,39226,0
35964,18941,39144,0
35915,18998,39072,0
35856,19063,38972,0
35816,19118,38888,0
35774,19186,38816,0
35707,19257,38722,0
35675,19302,38629,0
35604,19385,38546,0
35565,19437,38466,0
35505,19500,38391,0
35459,19572,38306,0
35417,19631,38226,0
35360,19713,38137,0
35318,19757,38066,0
35268,19833,37984,0
35203,19903,37886,0
35170,19955,37800,0
35127,20020,37723,0
35068,20110,37626,0
35004,20176,37553,0
34755,20080,37570,0
34282,19923,37628,0
33917,19772,37682,0
33518,19618,37753,0
33133,19483,37811,0
32678,19307,37855,0
32290,19162,37902,0
31894,19004,37951,0
31450,18841,38024,0
31054,18694,38071,0
30661,18556,38112,0
30210,18393,38163,0
29832,18240,38220,0
29453,18099,38266,0
29055,17939,38331,0
28600,17777,38389,0
28209,17634,38449,0
27826,17493,38483,0
27374,17323,38553,0
26986,17203,38600,0
26864,17201,38633,0
27332,17521,38647,0
27694,17839,38648,0
28106,18131,38656,0
28514,18440,38666,0
28952,18798,38678,0
29350,19087,38695,0
29750,19406,38689,0
30218,19749,38697,0
30604,20064,38691,0
31004,20368,38682,0
31454,20728,38711,0
31860,21021,38702,0
32262,21329,38713,0
32648,21647,38708,0
33097,21997,38735,0
33482,22325,38750,0
33873,22610,38762,0
34352,22963,38762,0
34735,23301,38750,0
35154,23622,38776,0
35098,23842,38654,0
35069,24046,38550,0
35039,24241,38475,0
34989,24460,38385,0
34995,24694,38292,0
34925,24890,38208,0
34929,25096,38098,0
34902,25339,38005,0
34849,25528,37906,0
34823,25746,37840,0
34803,25992,37727,0
34760,26201,37630,0
34759,26406,37542,0
34720,26613,37429,0
34678,26846,37342,0
34645,27052,37244,0
34613,27261,37150,0
34579,27490,37054,0
34578,27702,36964,0
34513,27895,36881,0
34815,27979,36870,0
35114,28004,36933,0
35424,28036,36979,0
35749,28058,37037,0
36144,28094,37085,0
36461,28117,37147,0
36752,28137,37194,0
37128,28174,37247,0
37470,28215,37302,0
37780,28220,37350,0
38156,28265,37390,0
38472,28305,37435,0
38791,28329,37489,0
39104,28353,37538,0
39477,28386,37595,0
39802,28396,37623,0
40124,28437,37697,0
40492,28470,37733,0
40819,28514,37812,0
41129,28513,37853,0
41016,28493,37893,0
40401,28367,37942,0
39757,28257,37961,0
39137,28153,37989,0
38362,28040,38011,0
37733,27918,38050,0
37076,27796,38101,0
36347,27661,38127,0
35703,27571,38158,0
35084,27445,38186,0
34309,27324,38213,0
33677,27226,38234,0
33044,27110,38282,0
32408,27010,38320,0
31661,26867,38332,0
31021,26771,38366,0
30383,26662,38391,0
29631,26527,38420,0
28992,26410,38465,0
28344,26305,38500,0
27750,26227,38520,0
27923,26279,38524,0
28127,26330,38526,0
28313,26397,38530,0
28527,26475,38546,0
28719,26532,38523,0
28877,26602,38543,0
29119,26689,38536,0
29293,26768,38549,0
29487,26811,38561,0
29694,26889,38556,0
29885,26960,38557,0
30087,27010,38560,0
30274,27076,38541,0
30488,27137,38562,0
30679,27206,38561,0
30838,27274,38567,0
31088,27340,38560,0
31272,27424,38568,0
31475,27493,38569,0
31686,27566,38560,0
32100,27338,38580,0
32606,27058,38573,0
33112,26773,38582,0
33701,26454,38614,0
34193,26171,38604,0
34696,25894,38616,0
35240,25561,38608,0
35737,25278,38610,0
36249,25009,38630,0
36818,24685,38633,0
37320,24405,38633,0
37813,24131,38641,0
38381,23807,38637,0
38877,23524,38644,0
39372,23229,38661,0
39883,22949,38669,0
40468,22637,38662,0
40945,22356,38660,0
41446,22074,38670,0
42026,21755,38687,0
42060,21857,38721,0
41622,22363,38773,0
41117,22951,38859,0
40695,23449,38928,0
40253,23946,38978,0
39846,24452,39043,0
39350,25057,39116,0
38932,25540,39193,0
38495,26041,39248,0
38019,26630,39331,0
37570,27123,39388,0
37148,27649,39443,0
36648,28216,39529,0
36228,28706,39589,0
35777,29207,39655,0
35358,29712,39729,0
34869,30301,39794,0
34436,30794,39878,0
34011,31306,39933,0
33517,31890,40017,0
33151,32315,40063,0
33142,32303,39968,0
33097,32329,39877,0
33082,32336,39809,0
33051,32358,39720,0
33021,32380,39644,0
32984,32395,39555,0
32971,32388,39484,0
32939,32394,39422,0
32923,32407,39336,0
32901,32420,39256,0
32866,32427,39181,0
32816,32448,39080,0
32800,32449,39001,0
32781,32487,38934,0
32749,32449,38845,0
32720,32478,38767,0
32684,32485,38682,0
32692,32498,38605,0
32645,32504,38523,0
32634,32533,38455,0
32632,32418,38570,0
32613,32279,38758,0
32599,32134,38922,0
32600,32000,39076,0
32580,31887,39240,0
32579,31739,39435,0
32554,31611,39584,0
32553,31473,39757,0
32543,31324,39937,0
32541,31188,40104,0
32525,31084,40278,0
32526,30908,40459,0
32523,30786,40623,0
32503,30674,40778,0
32501,30545,40944,0
32483,30394,41134,0
32476,30247,41312,0
32483,30129,41449,0
32465,29970,41634,0
32480,29853,41797,0
32786,29831,41804,0
33530,29964,41662,0
34177,30076,41523,0
34842,30181,41381,0
35488,30300,41260,0
36237,30428,41127,0
36889,30541,40981,0
37539,30659,40856,0
38320,30790,40697,0
38949,30890,40579,0
39614,31000,40422,0
40371,31146,40278,0
41027,31262,40140,0
41666,31366,39992,0
42311,31479,39866,0
43063,31596,39714,0
43727,31699,39568,0
44386,31834,39459,0
45135,31954,39280,0
45802,32067,39161,0
46208,32164,39045,0
45340,32214,39058,0
44551,32248,39087,0
43812,32266,39111,0
43061,32288,39133,0
42167,32344,39153,0
41388,32380,39175,0
40627,32416,39181,0
39772,32439,39205,0
38982,32484,39222,0
38244,32521,39250,0
37356,32568,39264,0
36579,32586,39274,0
35836,32615,39303,0
35055,32665,39315,0
34158,32692,39345,0
33411,32735,39369,0
32666,32767,39388,0
31767,32807,39409,0
31027,32827,39429,0
30290,32873,39436,0
30470,33094,39430,0
30783,33325,39405,0
31134,33534,39372,0
31466,33771,39366,0
31873,34023,39329,0
32219,34230,39321,0
32553,34461,39308,0
32946,34711,39282,0
33275,34950,39256,0
33629,35167,39252,0
34013,35419,39237,0
34344,35635,39218,0
34695,35856,39190,0
35079,36125,39166,0
35426,36324,39144,0
35750,36561,39130,0
36092,36775,39103,0
36487,37037,39092,0
36833,37252,39066,0
37165,37473,39069,0
37334,37495,39060,0
37317,37349,39075,0
37294,37220,39080,0
37269,37034,39109,0
37242,36911,39108,0
37240,36761,39133,0
37233,36625,39144,0
37214,36452,39155,0
37179,36311,39172,0
37180,36171,39179,0
37153,36000,39206,0
37129,35849,39205,0
37104,35715,39241,0
37080,35540,39242,0
37078,35412,39248,0
37061,35269,39280,0
37029,35136,39300,0
37043,34964,39318,0
37009,34815,39320,0
36985,34674,39329,0
37051,34558,39394,0
37190,34593,39511,0
37353,34626,39614,0
37547,34667,39737,0
37730,34703,39856,0
37894,34733,39965,0
38046,34755,40055,0
38255,34816,40193,0
38411,34840,40312,0
38570,34881,40428,0
38749,34910,40543,0
38934,34954,40682,0
39103,34982,40764,0
39266,35032,40909,0
39460,35057,41005,0
39630,35088,41112,0
39777,35127,41222,0
39979,35169,41349,0
40137,35195,41464,0
40301,35239,41576,0
40513,35279,41711,0
40223,35356,41644,0
39958,35406,41581,0
39631,35466,41510,0
39363,35543,41449,0
39079,35610,41378,0
38816,35681,41311,0
38513,35755,41260,0
38224,35830,41183,0
37964,35889,41117,0
37648,35962,41042,0
37367,36021,40982,0
37093,36089,40911,0
36795,36176,40823,0
36509,36252,40765,0
36245,36302,40708,0
35965,36369,40651,0
35662,36454,40566,0
35390,36519,40518,0
35122,36566,40443,0
34797,36670,40376,0
35165,36656,40409,0
35831,36655,40499,0
36637,36627,40607,0
37313,36621,40713,0
37990,36607,40817,0
38689,36593,40913,0
39479,36574,41015,0
40151,36559,41113,0
40836,36534,41190,0
41626,36547,41301,0
42308,36536,41390,0
42979,36510,41480,0
43777,36478,41622,0
44467,36466,41704,0
45135,36465,41787,0
45838,36463,41886,0
46625,36447,41978,0
47301,36420,42089,0
47988,36414,42174,0
48778,36371,42288,0
49245,36363,42355,0
49265,36330,42384,0
49289,36279,42411,0
49314,36240,42430,0
49333,36208,42431,0
49365,36138,42451,0
49384,36103,42475,0
49422,36064,42500,0
49458,36020,42509,0
49473,35966,42546,0
49494,35953,42562,0
49519,35887,42587,0
49546,35855,42598,0
49560,35787,42625,0
49615,35768,42630,0
49641,35709,42655,0
49672,35658,42671,0
49681,35624,42702,0
49718,35574,42713,0
49745,35545,42744,0
49774,35499,42780,0
49816,36027,42581,0
49842,36649,42340,0
49856,37157,42170,0
49894,37694,41999,0
49906,38241,41799,0
49964,38852,41596,0
49990,39383,41415,0
50013,39907,41245,0
50027,40523,41005,0
50080,41071,40831,0
50113,41581,40644,0
50145,42212,40437,0
50171,42726,40248,0
50216,43263,40064,0
50249,43799,39878,0
50261,44406,39673,0
50291,44947,39483,0
50324,45463,39314,0
50353,46086,39090,0
50393,46606,38901,0
49910,46807,38871,0
49020,46857,38917,0
48212,46894,38928,0
47458,46926,38990,0
46514,46963,39041,0
45773,47008,39076,0
45011,47053,39111,0
44239,47072,39171,0
43349,47113,39209,0
42572,47149,39255,0
41806,47200,39288,0
40910,47223,39331,0
40132,47290,39376,0
39387,47322,39423,0
38462,47350,39478,0
37695,47392,39506,0
36902,47413,39542,0
36164,47453,39580,0
35263,47507,39620,0
34488,47540,39673,0
34093,47454,39723,0
34512,47105,39777,0
34919,46792,39838,0
35258,46517,39896,0
35733,46133,39975,0
36069,45840,40023,0
36468,45538,40082,0
36817,45222,40145,0
37266,44864,40210,0
37634,44553,40275,0
38008,44261,40334,0
38442,43918,40403,0
38797,43614,40449,0
39179,43303,40502,0
39601,42951,40562,0
39984,42650,40640,0
40347,42358,40696,0
40718,42049,40751,0
41169,41694,40820,0
41537,41376,40891,0
41916,41089,40951,0
42327,41327,40881,0
42686,41554,40830,0
43039,41764,40778,0
43469,42033,40720,0
43822,42257,40660,0
44194,42477,40612,0
44546,42693,40568,0
44975,42954,40508,0
45336,43190,40455,0
45693,43391,40403,0
46110,43661,40339,0
46471,43866,40298,0
46828,44096,40238,0
47260,44337,40170,0
47627,44548,40109,0
47974,44780,40062,0
48344,44997,40025,0
48778,45265,39954,0
49127,45480,39922,0
49482,45696,39865,0
49439,45686,39805,0
49249,45594,39727,0
49045,45484,39665,0
48805,45368,39576,0
48606,45259,39521,0
48396,45175,39448,0
48191,45062,39371,0
47969,44942,39322,0
47745,44847,39264,0
47539,44742,39187,0
47304,44626,39130,0
47105,44528,39050,0
46921,44423,38972,0
46663,44314,38912,0
46476,44217,38847,0
46274,44124,38764,0
46059,44002,38729,0
45840,43896,38645,0
45625,43786,38561,0
45436,43687,38500,0
45092,43486,38559,0
44673,43220,38756,0
44284,42954,38945,0
43823,42646,39191,0
43418,42357,39381,0
43020,42108,39592,0
42574,41841,39783,0
42107,41521,40010,0
41724,41265,40190,0
41307,41002,40405,0
40836,40694,40626,0
40438,40406,40820,0
40038,40159,41028,0
39559,39845,41247,0
39150,39559,41443,0
38768,39294,41633,0
38362,39033,41833,0
37894,38718,42069,0
37505,38463,42256,0
37085,38163,42466,0
36769,37924,42653,0
37169,37948,42599,0
37610,37968,42535,0
38075,38018,42472,0
38524,38051,42408,0
38944,38067,42353,0
39364,38102,42285,0
39851,38136,42222,0
40272,38157,42162,0
40685,38186,42098,0
41194,38236,42046,0
41597,38255,41982,0
42029,38274,41916,0
42542,38312,41867,0
42957,38343,41789,0
43355,38373,41737,0
43799,38390,41696,0
44285,38403,41602,0
44731,38453,41541,0
45136,38481,41495,0
45662,38532,41428,0
45391,38537,41478,0
45033,38558,41568,0
44590,38588,41667,0
44224,38616,41741,0
43848,38643,41812,0
43400,38668,41927,0
43026,38683,42003,0
42653,38715,42076,0
42279,38712,42158,0
41836,38742,42250,0
41465,38772,42349,0
41102,38788,42416,0
40645,38834,42521,0
40288,38845,42596,0
39927,38872,42674,0
39478,38885,42793,0
39087,38922,42858,0
38721,38939,42939,0
38360,38962,43018,0
37920,38986,43106,0
37838,39063,43135,0
38045,39186,43164,0
38289,39326,43160,0
38479,39469,43184,0
38688,39598,43179,0
38932,39741,43170,0
39136,39900,43191,0
39334,40006,43204,0
39552,40126,43209,0
39786,40308,43199,0
39985,40438,43221,0
40189,40536,43222,0
40429,40684,43231,0
40627,40826,43241,0
40849,40944,43244,0
41099,41110,43240,0
41281,41246,43234,0
41495,41376,43242,0
41692,41485,43256,0
41950,41654,43258,0
42166,41816,43247,0
42318,42318,43168,0
42535,42857,43094,0
42737,43331,43003,0
42898,43804,42919,0
43106,44374,42866,0
43307,44853,42770,0
43494,45332,42702,0
43676,45806,42619,0
43887,46359,42532,0
44070,46854,42457,0
44266,47316,42385,0
44463,47882,42283,0
44654,48347,42218,0
44847,48842,42128,0
45074,49372,42052,0
45216,49864,41973,0
45422,50336,41889,0
45600,50819,41825,0
45809,51365,41740,0
45993,51821,41664,0
45738,51384,41728,0
45354,50619,41843,0
45034,49954,41943,0
44713,49278,42047,0
44336,48502,42161,0
44006,47859,42281,0
43692,47203,42373,0
43365,46554,42473,0
42979,45779,42596,0
42652,45123,42704,0
42341,44462,42797,0
41954,43675,42922,0
41620,43025,43010,0
41292,42361,43121,0
40912,41602,43230,0
40590,40949,43338,0
40270,40270,43443,0
39955,39630,43551,0
39571,38840,43662,0
39255,38185,43760,0
39154,38173,43792,0
39257,38930,43710,0
39330,39536,43676,0
39417,40172,43619,0
39511,40923,43542,0
39611,41552,43483,0
39695,42183,43434,0
39795,42823,43379,0
39892,43567,43325,0
39995,44193,43243,0
40072,44813,43199,0
40175,45559,43129,0
40278,46206,43055,0
40371,46830,43005,0
40479,47574,42954,0
40561,48207,42881,0
40652,48846,42830,0
40747,49469,42777,0
40848,50211,42714,0
40958,50856,42653,0
41097,51371,42595,0
41574,51343,42522,0
42006,51325,42474,0
42420,51307,42417,0
42905,51287,42363,0
43335,51259,42289,0
43766,51237,42245,0
44175,51201,42195,0
44667,51205,42145,0
45097,51180,42071,0
45550,51155,42023,0
46011,51146,41960,0
46448,51110,41883,0
46874,51086,41844,0
47371,51053,41787,0
47785,51034,41738,0
48201,51020,41670,0
48616,50994,41611,0
49137,50971,41553,0
49545,50937,41497,0
49955,50950,41442,0
49766,51108,41541,0
49516,51306,41649,0
49247,51484,41776,0
48943,51703,41894,0
48681,51875,42003,0
48414,52063,42103,0
48165,52244,42225,0
47855,52466,42364,0
47583,52646,42458,0
47313,52812,42579,0
47021,53030,42719,0
46757,53221,42821,0
46504,53392,42925,0
46188,53606,43063,0
45922,53800,43179,0
45666,53984,43298,0
45346,54181,43421,0
45082,54367,43544,0
44825,54543,43650,0
44581,54739,43749,0
44730,54598,43774,0
45178,54248,43704,0
45606,53912,43640,0
46109,53510,43556,0
46564,53192,43478,0
46981,52837,43416,0
47475,52449,43341,0
47920,52098,43265,0
48365,51742,43212,0
48788,51410,43157,0
49298,51020,43065,0
49739,50677,42999,0
50183,50332,42957,0
50691,49943,42860,0
51105,49614,42785,0
51556,49246,42716,0
52086,48866,42640,0
52486,48510,42559,0
52945,48187,42494,0
53371,47849,42422,0
53504,47476,42396,0
52787,47191,42455,0
52057,46933,42530,0
51220,46607,42611,0
50515,46349,42673,0
49803,46051,42748,0
48961,45762,42817,0
48250,45504,42868,0
47543,45214,42943,0
46829,44961,43002,0
45991,44623,43091,0
45280,44353,43146,0
44576,44090,43216,0
43732,43782,43297,0
43024,43500,43357,0
42315,43241,43413,0
41491,42916,43489,0
40772,42673,43566,0
40059,42388,43619,0
39339,42108,43685,0
38532,41814,43784,0
39068,41759,43670,0
39661,41693,43616,0
40354,41657,43507,0
40921,41612,43432,0
41510,41558,43371,0
42168,41496,43277,0
42758,41460,43178,0
43348,41407,43119,0
43918,41364,43037,0
44585,41292,42933,0
45188,41255,42874,0
45739,41208,42781,0
46434,41164,42691,0
47012,41102,42630,0
47595,41050,42545,0
48287,41007,42460,0
48862,40943,42379,0
49454,40919,42301,0
50035,40879,42217,0
50696,40798,42144,0
50885,40983,42112,0
50841,41318,42105,0
50804,41688,42103,0
50783,42002,42104,0
50759,42324,42116,0
50706,42700,42100,0
50699,43010,42112,0
50660,43325,42111,0
50634,43643,42119,0
50604,44015,42124,0
50578,44337,42102,0
50557,44656,42116,0
50529,45019,42114,0
50510,45345,42110,0
50468,45664,42111,0
50437,46042,42105,0
50413,46355,42113,0
50387,46662,42105,0
50357,46984,42101,0
50325,47345,42110,0
50123,47530,42127,0
49552,47415,42193,0
48893,47260,42277,0
48320,47139,42368,0
47736,47012,42414,0
47093,46873,42478,0
46500,46766,42549,0
45958,46634,42623,0
45373,46524,42684,0
44724,46335,42782,0
44172,46251,42841,0
43591,46141,42904,0
42931,45983,42981,0
42348,45868,43053,0
41793,45738,43115,0
41130,45595,43208,0
40570,45479,43258,0
39977,45382,43332,0
39428,45235,43383,0
38752,45100,43468,0
38221,44974,43536,0
38585,45051,43401,0
39043,45148,43218,0
39408,45233,43074,0
39791,45340,42936,0
40266,45422,42767,0
40642,45494,42632,0
41015,45597,42473,0
41406,45685,42330,0
41858,45771,42147,0
42253,45862,42026,0
42646,45951,41869,0
43101,46051,41690,0
43489,46130,41547,0
43879,46223,41396,0
44324,46322,41229,0
44724,46408,41083,0
45106,46479,40939,0
45554,46587,40773,0
45935,46675,40619,0
46321,46773,40474,0
46945,46735,40402,0
47765,46665,40387,0
48480,46617,40350,0
49198,46563,40340,0
50014,46499,40300,0
50744,46419,40283,0
51460,46363,40248,0
52299,46287,40247,0
53016,46232,40208,0
53732,46171,40186,0
54448,46118,40161,0
55267,46044,40125,0
55994,45969,40100,0
56719,45914,40093,0
57557,45848,40053,0
58290,45784,40022,0
58987,45724,39999,0
59839,45656,39972,0
60529,45594,39957,0
61242,45536,39939,0
61459,45506,39959,0
60421,45516,40121,0
59537,45505,40248,0
58708,45535,40390,0
57659,45533,40543,0
56791,45546,40678,0
55927,45553,40815,0
54909,45565,40958,0
54032,45577,41087,0
53158,45579,41230,0
52292,45595,41363,0
51268,45594,41512,0
50417,45601,41635,0
49545,45611,41803,0
48514,45620,41952,0
47657,45631,42078,0
46784,45640,42216,0
45775,45633,42375,0
44901,45641,42506,0
44030,45657,42638,0
43186,45680,42774,0
43647,45981,42695,0
44024,46243,42625,0
44439,46527,42560,0
44895,46828,42492,0
45279,47122,42432,0
45681,47388,42357,0
46141,47710,42270,0
46534,47973,42196,0
46946,48242,42142,0
47321,48511,42059,0
47801,48853,42002,0
48192,49104,41922,0
48602,49377,41860,0
49069,49696,41783,0
49458,49979,41714,0
49873,50233,41628,0
50315,50551,41557,0
50717,50823,41486,0
51106,51091,41437,0
51505,51365,41356,0
51519,51252,41304,0
51360,51039,41283,0
51238,50812,41231,0
51041,50550,41197,0
50905,50317,41163,0
50770,50102,41144,0
50590,49830,41096,0
50437,49616,41070,0
50291,49359,41059,0
50146,49146,41016,0
49989,48882,40958,0
49832,48641,40933,0
49680,48432,40884,0
49502,48154,40861,0
49368,47937,40821,0
49202,47728,40784,0
49037,47455,40757,0
48872,47232,40710,0
48764,46998,40679,0
48599,46769,40647,0
48515,46840,40675,0
48509,47257,40776,0
48509,47673,40886,0
48483,48199,41020,0
48500,48599,41127,0
48500,49041,41231,0
48506,49527,41352,0
48509,49966,41459,0
48513,50380,41573,0
48509,50809,41690,0
48513,51330,41804,0
48512,51758,41909,0
48500,52167,42004,0
48500,52694,42131,0
48509,53090,42240,0
48502,53531,42344,0
48505,54025,42473,0
48489,54450,42580,0
48495,54881,42691,0
48496,55316,42769,0
48544,55779,42880,0
48673,55998,42845,0
48821,56225,42816,0
48998,56489,42766,0
49144,56708,42717,0
49281,56946,42692,0
49456,57188,42633,0
49605,57406,42624,0
49732,57642,42570,0
49898,57861,42529,0
50084,58125,42482,0
50214,58345,42438,0
50364,58571,42404,0
50533,58825,42350,0
50674,59062,42323,0
50837,59275,42277,0
50998,59541,42234,0
51156,59772,42197,0
51307,59995,42150,0
51447,60221,42119,0
51624,60464,42074,0
51502,60301,42027,0
51346,60039,42009,0
51169,59758,41956,0
51033,59530,41931,0
50888,59275,41903,0
50705,58988,41858,0
50549,58747,41836,0
50408,58500,41788,0
50240,58239,41750,0
50070,57973,41700,0
49930,57721,41689,0
49771,57482,41658,0
49602,57193,41626,0
49442,56943,41572,0
49304,56698,41534,0
49123,56416,41510,0
48966,56166,41466,0
48844,55940,41411,0
48645,55636,41383,0
48523,55396,41344,0
48283,55116,41404,0
47990,54845,41567,0
47644,54496,41767,0
47329,54210,41923,0
47043,53902,42084,0
46732,53579,42273,0
46409,53282,42437,0
46125,52978,42584,0
45775,52646,42781,0
45492,52353,42932,0
45182,52068,43083,0
44907,51785,43264,0
44554,51436,43454,0
44268,51144,43620,0
43970,50849,43770,0
43616,50508,43960,0
43328,50215,44127,0
43020,49904,44300,0
42704,49575,44488,0
42417,49298,44634,0
42242,49095,44754,0
42744,49340,44679,0
43349,49619,44579,0
43882,49850,44501,0
44382,50100,44433,0
44998,50372,44341,0
45510,50633,44251,0
46039,50879,44188,0
46642,51164,44093,0
47156,51404,44012,0
47690,51657,43937,0
48192,51881,43857,0
48802,52180,43767,0
49316,52423,43687,0
49830,52656,43599,0
50430,52931,43518,0
50940,53195,43420,0
51473,53428,43360,0
52060,53719,43275,0
52602,53948,43199,0
53115,54193,43111,0
53138,54016,43015,0
53080,53651,42904,0
53020,53364,42785,0
52951,53086,42705,0
52889,52733,42572,0
52839,52461,42484,0
52770,52150,42387,0
52709,51826,42264,0
52653,51530,42144,0
52598,51244,42028,0
52548,50930,41936,0
52482,50597,41818,0
52406,50324,41734,0
52353,50020,41615,0
52276,49664,41499,0
52216,49376,41389,0
52172,49107,41298,0
52104,48758,41175,0
52065,48470,41082,0
51985,48183,40985,0
52400,48114,40925,0
53411,48334,40879,0
54279,48495,40887,0
55162,48677,40855,0
56159,48880,40814,0
57049,49052,40807,0
57911,49237,40796,0
58935,49436,40776,0
59824,49623,40747,0
60669,49785,40723,0
61549,49950,40720,0
62577,50177,40679,0
63440,50346,40645,0
64323,50522,40651,0
65338,50736,40624,0
66205,50905,40605,0
67084,51070,40591,0
68099,51301,40570,0
68981,51474,40552,0
69840,51650,40518,0
70448,51818,40541,0
69551,52040,40702,0
68779,52215,40855,0
68011,52416,40987,0
67117,52642,41125,0
66379,52824,41278,0
65623,53030,41384,0
64719,53241,41572,0
63954,53440,41715,0
63202,53640,41847,0
62437,53822,41984,0
61536,54053,42135,0
60779,54236,42266,0
60021,54421,42418,0
59116,54652,42573,0
58367,54832,42715,0
57581,55035,42856,0
56697,55230,42999,0
55949,55427,43143,0
55150,55626,43282,0
54424,55823,43428,0
54318,55459,43444,0
54326,55075,43475,0
54351,54687,43490,0
54389,54244,43496,0
54421,53846,43500,0
54440,53468,43495,0
54454,53015,43513,0
54469,52635,43508,0
54517,52248,43543,0
54520,51808,43556,0
54556,51419,43555,0
54583,51025,43556,0
54606,50645,43577,0
54608,50186,43585,0
54649,49800,43605,0
54703,49410,43607,0
54706,48968,43619,0
54735,48579,43634,0
54738,48203,43641,0
54794,47760,43667,0
54665,47895,43693,0
54456,48334,43706,0
54280,48754,43738,0
54069,49265,43764,0
53879,49674,43774,0
53699,50095,43802,0
53495,50598,43812,0
53313,51033,43837,0
53108,51449,43882,0
52881,51948,43918,0
52703,52377,43928,0
52515,52802,43964,0
52340,53237,43984,0
52121,53732,44006,0
51937,54163,44036,0
51759,54573,44072,0
51526,55071,44063,0
51329,55513,44101,0
51159,55938,44129,0
50941,56425,44146,0
50960,56702,44158,0
51407,56637,44076,0
51839,56573,44008,0
52343,56507,43921,0
52798,56431,43890,0
53230,56366,43811,0
53717,56319,43750,0
54183,56243,43674,0
54616,56181,43623,0
55131,56109,43538,0
55551,56046,43477,0
56004,55978,43417,0
56439,55937,43359,0
56965,55857,43287,0
57390,55782,43222,0
57833,55736,43154,0
58343,55665,43084,0
58769,55604,43026,0
59228,55520,42956,0
59721,55472,42873,0
60185,55420,42825,0
59922,55574,42877,0
59686,55702,42953,0
59387,55874,43027,0
59138,56027,43099,0
58878,56153,43153,0
58598,56337,43246,0
58346,56480,43309,0
58099,56623,43371,0
57807,56793,43442,0
57549,56949,43511,0
57316,57097,43573,0
57047,57239,43647,0
56750,57426,43727,0
56507,57562,43793,0
56252,57702,43863,0
55970,57874,43938,0
55716,58018,44013,0
55471,58170,44076,0
55181,58346,44147,0
54918,58489,44219,0
54686,58551,44171,0
54477,58569,44044,0
54215,58598,43938,0
53977,58626,43831,0
53760,58647,43708,0
53489,58680,43587,0
53240,58715,43486,0
53035,58734,43382,0
52741,58754,43250,0
52526,58787,43128,0
52286,58787,43019,0
52052,58839,42907,0
51800,58849,42794,0
51581,58867,42670,0
51348,58900,42584,0
51071,58930,42454,0
50840,58927,42332,0
50611,58983,42235,0
50355,58986,42101,0
50097,59014,42020,0
50071,58937,42014,0
50376,58561,42152,0
50717,58173,42342,0
51025,57792,42516,0
51311,57436,42671,0
51658,57009,42880,0
51952,56668,43044,0
52224,56324,43214,0
52588,55899,43411,0
52880,55554,43574,0
53191,55204,43743,0
53470,54851,43907,0
53815,54437,44098,0
54113,54069,44265,0
54417,53733,44439,0
54771,53304,44634,0
55048,52963,44806,0
55353,52591,44994,0
55698,52173,45173,0
55998,51844,45330,0
56324,51506,45500,0
56071,51864,45367,0
55846,52300,45239,0
55652,52691,45123,0
55431,53058,45011,0
55197,53497,44843,0
55004,53887,44741,0
54777,54262,44628,0
54550,54701,44493,0
54367,55089,44352,0
54145,55471,44230,0
53941,55837,44122,0
53712,56269,43983,0
53502,56680,43871,0
53289,57050,43749,0
53055,57501,43607,0
52841,57875,43474,0
52629,58254,43362,0
52419,58689,43222,0
52202,59066,43105,0
51997,59445,42982,0
52309,59472,42889,0
52741,59330,42847,0
53184,59194,42781,0
53622,59066,42730,0
54149,58894,42657,0
54589,58764,42615,0
55037,58654,42560,0
55548,58480,42494,0
55984,58351,42441,0
56422,58218,42382,0
56957,58052,42316,0
57401,57909,42258,0
57833,57779,42216,0
58277,57648,42146,0
58792,57468,42084,0
59222,57338,42026,0
59679,57192,41964,0
60195,57059,41905,0
60631,56920,41833,0
61089,56762,41790,0
61152,56661,41741,0
60709,56583,41710,0
60245,56543,41703,0
59796,56486,41689,0
59283,56415,41660,0
58831,56360,41633,0
58389,56294,41599,0
57866,56231,41597,0
57398,56169,41561,0
56970,56093,41543,0
56438,56058,41511,0
55989,55970,41477,0
55534,55928,41472,0
55084,55850,41450,0
54558,55791,41414,0
54114,55736,41398,0
53673,55662,41396,0
53132,55584,41372,0
52694,55525,41345,0
52239,55472,41327,0
51893,55430,41315,0
52481,55471,41367,0
53053,55517,41421,0
53639,55554,41475,0
54327,55622,41531,0
54911,55664,41579,0
55496,55703,41622,0
56193,55742,41692,0
56801,55787,41755,0
57382,55836,41823,0
58049,55886,41868,0
58630,55958,41913,0
59214,55981,41966,0
59811,56031,42026,0
60490,56090,42087,0
61073,56121,42131,0
61653,56174,42181,0
62364,56229,42260,0
62945,56255,42298,0
63530,56313,42358,0
64221,56349,42423,0
64355,56514,42392,0
64413,56707,42344,0
64474,56914,42316,0
64545,57119,42265,0
64603,57322,42232,0
64676,57501,42188,0
64729,57716,42136,0
64774,57912,42117,0
64846,58098,42066,0
64926,58316,42039,0
64994,58514,42000,0
65040,58702,41950,0
65097,58900,41911,0
65171,59132,41889,0
65226,59292,41852,0
65291,59479,41803,0
65348,59707,41762,0
65399,59890,41720,0
65481,60055,41687,0
65546,60316,41640,0
65401,60244,41655,0
65036,59935,41747,0
64699,59632,41798,0
64296,59294,41889,0
63957,58963,41963,0
63605,58676,42025,0
63198,58320,42117,0
62858,58016,42175,0
62515,57701,42243,0
62117,57362,42343,0
61761,57060,42425,0
61404,56765,42489,0
61063,56457,42556,0
60656,56093,42651,0
60302,55795,42715,0
59968,55498,42806,0
59539,55151,42870,0
59220,54828,42947,0
58888,54542,43004,0
58468,54175,43102,0
58188,53937,43172,0
58176,54099,43229,0
58174,54260,43316,0
58201,54413,43382,0
58201,54573,43442,0
58228,54726,43519,0
58204,54915,43585,0
58224,55061,43668,0
58231,55212,43729,0
58255,55365,43813,0
58271,55527,43893,0
58248,55687,43928,0
58263,55831,44006,0
58274,56001,44095,0
58271,56157,44165,0
58275,56300,44223,0
58285,56492,44299,0
58294,56641,44339,0
58304,56787,44419,0
58314,56971,44501,0
58331,57119,44574,0
58452,57268,44525,0
58663,57445,44439,0
58830,57588,44364,0
59023,57756,44314,0
59196,57902,44243,0
59410,58068,44153,0
59565,58214,44084,0
59740,58382,44026,0
59965,58550,43926,0
60125,58699,43871,0
60296,58857,43790,0
60475,59031,43727,0
60671,59181,43639,0
60864,59326,43599,0
61018,59492,43513,0
61226,59667,43430,0
61397,59810,43361,0
61595,59950,43289,0
61781,60134,43216,0
61946,60295,43139,0
61868,60428,43125,0
61500,60559,43185,0
61160,60693,43218,0
60836,60785,43265,0
60521,60913,43299,0
60126,61047,43335,0
59805,61175,43378,0
59481,61289,43412,0
59084,61425,43475,0
58766,61559,43515,0
58441,61668,43553,0
58058,61823,43596,0
57730,61897,43641,0
57390,62048,43692,0
57064,62162,43737,0
56699,62312,43778,0
56374,62423,43821,0
56046,62535,43859,0
55649,62675,43910,0
55323,62774,43933,0
55049,62839,43979,0
55103,62576,43956,0
55168,62346,43906,0
55201,62097,43878,0
55271,61886,43844,0
55312,61609,43811,0
55365,61364,43781,0
55423,61130,43752,0
55460,60853,43722,0
55511,60633,43700,0
55559,60386,43668,0
55624,60133,43636,0
55659,59894,43597,0
55692,59643,43571,0
55777,59395,43532,0
55799,59143,43494,0
55852,58904,43454,0
55906,58686,43433,0
55964,58389,43395,0
56005,58148,43383,0
56063,57920,43345,0
56588,58030,43377,0
57142,58159,43371,0
57676,58297,43382,0
58254,58464,43397,0
58864,58633,43406,0
59395,58762,43435,0
59947,58909,43440,0
60575,59069,43454,0
61118,59210,43473,0
61659,59369,43493,0
62293,59528,43486,0
62829,59658,43504,0
63388,59813,43526,0
63925,59983,43521,0
64555,60140,43563,0
65096,60308,43577,0
65634,60439,43577,0
66281,60589,43610,0
66821,60753,43609,0
67335,60883,43636,0
67618,60752,43619,0
67622,60463,43587,0
67618,60164,43535,0
67609,59890,43505,0
67576,59551,43453,0
67580,59253,43431,0
67579,58948,43387,0
67576,58604,43326,0
67563,58311,43305,0
67534,58009,43260,0
67545,57668,43202,0
67537,57396,43179,0
67533,57105,43126,0
67517,56782,43098,0
67511,56449,43041,0
67506,56162,43019,0
67482,55874,42986,0
67494,55521,42927,0
67469,55232,42921,0
67460,54941,42883,0
67299,54807,42853,0
66815,55128,42922,0
66330,55444,42980,0
65826,55811,43065,0
65257,56222,43159,0
64772,56537,43229,0
64275,56872,43281,0
63709,57251,43350,0
63192,57588,43414,0
62715,57920,43478,0
62144,58307,43557,0
61647,58639,43636,0
61171,58983,43694,0
60673,59313,43766,0
60087,59705,43849,0
59602,60024,43908,0
59132,60370,43981,0
58548,60759,44047,0
58043,61085,44115,0
57573,61422,44184,0
56998,61827,44264,0
57096,61951,44208,0
57206,62080,44121,0
57326,62237,44042,0
57444,62408,43950,0
57560,62523,43869,0
57654,62673,43784,0
57796,62847,43726,0
57895,62987,43644,0
58022,63117,43566,0
58139,63274,43468,0
58267,63413,43391,0
58369,63546,43323,0
58467,63718,43239,0
58589,63866,43157,0
58702,64005,43069,0
58800,64151,43006,0
58931,64321,42921,0
59033,64443,42836,0
59157,64585,42752,0
59286,64737,42664,0
59311,64815,42619,0
59311,64798,42652,0
59317,64794,42647,0
59309,64822,42649,0
59311,64804,42673,0
59326,64800,42653,0
59337,64838,42653,0
59325,64832,42677,0
59328,64818,42704,0
59318,64801,42648,0
